SKU,Date,Units_Sold,Price,Cost,Inventory,Competitor_Price
SKU0001,2024-01-01,47,122.21,98.11,90,120.09
SKU0001,2024-01-02,49,112.7,98.11,90,124.24
SKU0001,2024-01-03,48,122.58,98.11,90,115.62
SKU0001,2024-01-04,50,119.12,98.11,90,130.38
SKU0001,2024-01-05,51,113.88,98.11,90,123.2
SKU0001,2024-01-06,46,127.84,98.11,90,131.33
SKU0001,2024-01-07,50,111.5,98.11,90,124.45
SKU0001,2024-01-08,49,129.8,98.11,90,131.99
SKU0001,2024-01-09,41,135.75,98.11,90,123.31
SKU0001,2024-01-10,50,109.97,98.11,90,121.27
SKU0001,2024-01-11,42,137.23,98.11,90,127.26
SKU0001,2024-01-12,46,126.92,98.11,90,132.28
SKU0001,2024-01-13,42,126.76,98.11,90,123.5
SKU0001,2024-01-14,51,110.15,98.11,90,138.49
SKU0001,2024-01-15,46,110.59,98.11,90,115.63
SKU0001,2024-01-16,47,124.38,98.11,90,125.27
SKU0001,2024-01-17,52,120.94,98.11,90,139.28
SKU0001,2024-01-18,50,111.23,98.11,90,128.59
SKU0001,2024-01-19,43,136.72,98.11,90,125.42
SKU0001,2024-01-20,49,116.35,98.11,90,129.11
SKU0001,2024-01-21,48,112.44,98.11,90,129.3
SKU0001,2024-01-22,48,126.95,98.11,90,133.27
SKU0001,2024-01-23,47,120.46,98.11,90,117.88
SKU0001,2024-01-24,38,136.98,98.11,90,121.0
SKU0001,2024-01-25,47,122.78,98.11,90,129.42
SKU0001,2024-01-26,43,133.59,98.11,89,136.72
SKU0001,2024-01-27,44,128.65,98.11,89,128.94
SKU0001,2024-01-28,44,122.33,98.11,89,120.71
SKU0001,2024-01-29,51,110.32,98.11,89,131.95
SKU0001,2024-01-30,43,135.85,98.11,89,133.48
SKU0001,2024-01-31,44,125.44,98.11,89,120.7
SKU0001,2024-02-01,49,120.55,98.11,89,124.25
SKU0001,2024-02-02,52,110.39,98.11,89,128.24
SKU0001,2024-02-03,47,116.3,98.11,89,127.28
SKU0001,2024-02-04,47,116.58,98.11,89,124.55
SKU0001,2024-02-05,45,128.73,98.11,89,122.21
SKU0001,2024-02-06,45,126.72,98.11,89,117.18
SKU0001,2024-02-07,40,132.85,98.11,89,115.99
SKU0001,2024-02-08,51,114.72,98.11,89,139.05
SKU0001,2024-02-09,53,120.7,98.11,89,136.21
SKU0001,2024-02-10,47,114.96,98.11,89,123.67
SKU0001,2024-02-11,50,130.71,98.11,89,139.0
SKU0001,2024-02-12,50,121.64,98.11,89,131.87
SKU0001,2024-02-13,52,115.67,98.11,89,126.92
SKU0001,2024-02-14,45,125.56,98.11,89,127.19
SKU0001,2024-02-15,48,110.81,98.11,89,116.75
SKU0001,2024-02-16,41,133.1,98.11,89,116.96
SKU0001,2024-02-17,50,122.31,98.11,89,129.97
SKU0001,2024-02-18,46,120.81,98.11,89,128.73
SKU0001,2024-02-19,43,135.42,98.11,88,120.05
SKU0001,2024-02-20,48,129.94,98.11,88,138.73
SKU0001,2024-02-21,49,118.93,98.11,88,134.53
SKU0001,2024-02-22,47,125.63,98.11,88,117.52
SKU0001,2024-02-23,48,124.27,98.11,88,138.34
SKU0001,2024-02-24,47,136.37,98.11,87,139.45
SKU0001,2024-02-25,45,133.17,98.11,87,140.0
SKU0001,2024-02-26,41,130.49,98.11,87,116.05
SKU0001,2024-02-27,49,124.79,98.11,87,133.4
SKU0001,2024-02-28,47,126.08,98.11,87,128.53
SKU0001,2024-02-29,44,136.48,98.11,87,132.61
SKU0001,2024-03-01,47,126.64,98.11,86,139.3
SKU0001,2024-03-02,52,117.54,98.11,86,132.15
SKU0001,2024-03-03,47,118.1,98.11,86,135.95
SKU0001,2024-03-04,49,114.49,98.11,86,136.71
SKU0001,2024-03-05,54,110.38,98.11,86,135.99
SKU0001,2024-03-06,48,121.59,98.11,86,125.48
SKU0001,2024-03-07,47,120.81,98.11,86,120.3
SKU0001,2024-03-08,47,118.02,98.11,86,124.73
SKU0001,2024-03-09,53,110.34,98.11,86,137.35
SKU0001,2024-03-10,51,115.42,98.11,85,118.36
SKU0001,2024-03-11,50,129.5,98.11,85,127.7
SKU0001,2024-03-12,40,131.67,98.11,85,120.57
SKU0001,2024-03-13,45,126.61,98.11,85,129.44
SKU0001,2024-03-14,44,135.41,98.11,85,136.62
SKU0001,2024-03-15,50,127.85,98.11,85,137.05
SKU0001,2024-03-16,37,135.1,98.11,85,120.66
SKU0001,2024-03-17,47,133.32,98.11,85,137.75
SKU0001,2024-03-18,47,122.31,98.11,85,129.71
SKU0001,2024-03-19,52,112.57,98.11,85,123.55
SKU0001,2024-03-20,51,120.14,98.11,85,132.67
SKU0001,2024-03-21,46,128.34,98.11,85,126.9
SKU0001,2024-03-22,41,128.26,98.11,85,124.26
SKU0001,2024-03-23,46,126.2,98.11,85,132.59
SKU0001,2024-03-24,46,117.5,98.11,85,120.96
SKU0001,2024-03-25,42,125.38,98.11,85,123.04
SKU0001,2024-03-26,49,120.48,98.11,85,125.7
SKU0001,2024-03-27,39,136.66,98.11,84,121.09
SKU0001,2024-03-28,47,133.29,98.11,84,124.95
SKU0001,2024-03-29,49,129.79,98.11,83,129.19
SKU0001,2024-03-30,49,116.44,98.11,83,133.5
SKU0001,2024-03-31,50,116.99,98.11,82,134.17
SKU0001,2024-04-01,52,111.06,98.11,82,135.59
SKU0001,2024-04-02,48,129.49,98.11,82,133.59
SKU0001,2024-04-03,53,113.0,98.11,82,131.98
SKU0001,2024-04-04,46,122.03,98.11,82,120.68
SKU0001,2024-04-05,49,115.5,98.11,82,124.82
SKU0001,2024-04-06,42,134.57,98.11,82,126.8
SKU0001,2024-04-07,46,123.02,98.11,82,116.74
SKU0001,2024-04-08,46,125.43,98.11,82,128.09
SKU0001,2024-04-09,43,129.07,98.11,82,125.74
SKU0001,2024-04-10,51,113.78,98.11,81,135.06
SKU0001,2024-04-11,47,126.57,98.11,81,139.54
SKU0001,2024-04-12,45,124.79,98.11,81,128.79
SKU0001,2024-04-13,46,115.53,98.11,81,122.85
SKU0001,2024-04-14,41,135.87,98.11,81,115.73
SKU0001,2024-04-15,46,126.41,98.11,81,138.18
SKU0001,2024-04-16,46,129.05,98.11,81,138.04
SKU0001,2024-04-17,44,134.15,98.11,81,121.07
SKU0001,2024-04-18,48,127.11,98.11,81,132.34
SKU0001,2024-04-19,44,118.08,98.11,81,116.55
SKU0001,2024-04-20,49,112.85,98.11,81,118.86
SKU0001,2024-04-21,46,122.5,98.11,81,120.15
SKU0001,2024-04-22,51,115.96,98.11,81,122.13
SKU0001,2024-04-23,52,121.4,98.11,81,140.0
SKU0001,2024-04-24,41,134.23,98.11,81,132.38
SKU0001,2024-04-25,49,118.87,98.11,81,124.42
SKU0001,2024-04-26,53,113.31,98.11,81,133.4
SKU0001,2024-04-27,51,119.75,98.11,81,137.94
SKU0001,2024-04-28,45,134.88,98.11,81,139.05
SKU0001,2024-04-29,51,117.43,98.11,81,116.1
SKU0001,2024-04-30,46,127.76,98.11,81,124.68
SKU0001,2024-05-01,53,109.97,98.11,81,117.35
SKU0001,2024-05-02,50,119.64,98.11,81,123.18
SKU0001,2024-05-03,47,118.33,98.11,81,118.95
SKU0001,2024-05-04,49,114.48,98.11,81,131.11
SKU0001,2024-05-05,46,124.63,98.11,81,124.52
SKU0001,2024-05-06,45,123.28,98.11,81,120.47
SKU0001,2024-05-07,41,128.99,98.11,81,121.4
SKU0001,2024-05-08,49,117.36,98.11,81,123.81
SKU0001,2024-05-09,51,116.66,98.11,81,121.25
SKU0001,2024-05-10,48,114.58,98.11,81,126.17
SKU0001,2024-05-11,51,115.96,98.11,80,115.45
SKU0001,2024-05-12,42,125.29,98.11,80,121.75
SKU0001,2024-05-13,49,121.05,98.11,80,125.1
SKU0001,2024-05-14,54,111.74,98.11,80,129.98
SKU0001,2024-05-15,47,116.93,98.11,80,121.53
SKU0001,2024-05-16,46,116.74,98.11,80,118.02
SKU0001,2024-05-17,45,129.09,98.11,80,116.57
SKU0001,2024-05-18,48,129.53,98.11,80,138.59
SKU0001,2024-05-19,45,114.02,98.11,80,125.24
SKU0001,2024-05-20,41,137.38,98.11,80,129.43
SKU0001,2024-05-21,50,117.28,98.11,80,138.04
SKU0001,2024-05-22,38,136.8,98.11,80,116.74
SKU0001,2024-05-23,48,121.25,98.11,80,136.96
SKU0001,2024-05-24,48,110.86,98.11,80,128.68
SKU0001,2024-05-25,45,119.44,98.11,79,118.83
SKU0001,2024-05-26,44,127.39,98.11,79,125.1
SKU0001,2024-05-27,47,128.66,98.11,77,134.44
SKU0001,2024-05-28,46,124.55,98.11,77,126.86
SKU0001,2024-05-29,50,122.26,98.11,77,139.73
SKU0001,2024-05-30,46,125.15,98.11,77,124.23
SKU0001,2024-05-31,49,126.24,98.11,77,133.72
SKU0001,2024-06-01,51,112.17,98.11,77,124.64
SKU0001,2024-06-02,51,120.11,98.11,77,135.75
SKU0001,2024-06-03,55,116.61,98.11,77,129.12
SKU0001,2024-06-04,43,132.03,98.11,77,116.25
SKU0001,2024-06-05,50,122.88,98.11,77,115.57
SKU0001,2024-06-06,42,136.98,98.11,77,118.04
SKU0001,2024-06-07,45,120.91,98.11,76,114.98
SKU0001,2024-06-08,41,132.39,98.11,76,116.55
SKU0001,2024-06-09,48,131.9,98.11,76,132.25
SKU0001,2024-06-10,53,114.09,98.11,76,128.24
SKU0001,2024-06-11,49,123.92,98.11,76,133.73
SKU0001,2024-06-12,49,129.08,98.11,76,137.89
SKU0001,2024-06-13,41,133.55,98.11,76,129.53
SKU0001,2024-06-14,46,118.91,98.11,76,133.12
SKU0001,2024-06-15,52,116.01,98.11,76,133.91
SKU0001,2024-06-16,44,129.5,98.11,76,124.25
SKU0001,2024-06-17,44,132.2,98.11,76,120.77
SKU0001,2024-06-18,45,119.54,98.11,75,119.85
SKU0001,2024-06-19,52,112.6,98.11,75,121.03
SKU0001,2024-06-20,39,135.8,98.11,75,121.63
SKU0001,2024-06-21,43,120.88,98.11,74,119.91
SKU0001,2024-06-22,51,124.18,98.11,74,137.0
SKU0001,2024-06-23,40,132.98,98.11,74,133.91
SKU0001,2024-06-24,44,128.52,98.11,74,115.82
SKU0001,2024-06-25,43,130.16,98.11,74,121.47
SKU0001,2024-06-26,45,115.7,98.11,74,115.19
SKU0001,2024-06-27,46,124.83,98.11,74,127.32
SKU0001,2024-06-28,43,129.08,98.11,74,126.76
SKU0001,2024-06-29,53,116.23,98.11,74,135.81
SKU0001,2024-06-30,52,114.76,98.11,74,122.47
SKU0001,2024-07-01,43,136.95,98.11,74,135.42
SKU0001,2024-07-02,49,124.15,98.11,74,139.29
SKU0001,2024-07-03,44,117.12,98.11,74,116.88
SKU0001,2024-07-04,46,137.34,98.11,74,134.8
SKU0001,2024-07-05,45,136.49,98.11,74,129.66
SKU0001,2024-07-06,45,125.3,98.11,74,126.86
SKU0001,2024-07-07,43,134.21,98.11,74,125.34
SKU0001,2024-07-08,50,115.14,98.11,74,134.62
SKU0001,2024-07-09,46,117.62,98.11,74,130.91
SKU0001,2024-07-10,49,129.2,98.11,74,135.14
SKU0001,2024-07-11,44,133.22,98.11,74,137.63
SKU0001,2024-07-12,43,133.49,98.11,74,130.35
SKU0001,2024-07-13,49,121.07,98.11,74,139.6
SKU0001,2024-07-14,46,134.35,98.11,74,130.12
SKU0001,2024-07-15,43,133.34,98.11,74,130.85
SKU0001,2024-07-16,39,135.67,98.11,74,128.76
SKU0001,2024-07-17,40,131.54,98.11,74,116.95
SKU0001,2024-07-18,47,128.34,98.11,74,133.13
SKU0001,2024-07-19,50,125.91,98.11,74,128.57
SKU0001,2024-07-20,45,120.18,98.11,74,126.11
SKU0001,2024-07-21,42,135.79,98.11,74,137.82
SKU0001,2024-07-22,39,136.72,98.11,74,122.22
SKU0001,2024-07-23,45,117.76,98.11,74,127.97
SKU0001,2024-07-24,51,118.35,98.11,74,132.4
SKU0001,2024-07-25,51,123.3,98.11,74,134.92
SKU0001,2024-07-26,47,122.28,98.11,74,126.33
SKU0001,2024-07-27,43,137.29,98.11,73,136.08
SKU0001,2024-07-28,54,114.79,98.11,73,134.22
SKU0001,2024-07-29,49,110.45,98.11,73,116.32
SKU0001,2024-07-30,47,123.53,98.11,73,115.8
SKU0001,2024-07-31,49,114.87,98.11,73,130.44
SKU0001,2024-08-01,47,120.02,98.11,73,123.48
SKU0001,2024-08-02,41,130.41,98.11,72,119.96
SKU0001,2024-08-03,46,129.77,98.11,72,129.39
SKU0001,2024-08-04,48,118.42,98.11,71,123.33
SKU0001,2024-08-05,44,124.86,98.11,70,128.31
SKU0001,2024-08-06,44,123.94,98.11,70,126.35
SKU0001,2024-08-07,49,127.44,98.11,70,129.52
SKU0001,2024-08-08,52,116.84,98.11,70,124.83
SKU0001,2024-08-09,46,126.17,98.11,70,132.4
SKU0001,2024-08-10,41,136.86,98.11,70,119.22
SKU0001,2024-08-11,48,123.33,98.11,70,132.37
SKU0001,2024-08-12,43,134.86,98.11,69,125.11
SKU0001,2024-08-13,45,121.89,98.11,69,136.9
SKU0001,2024-08-14,49,119.57,98.11,69,127.75
SKU0001,2024-08-15,43,127.68,98.11,69,139.42
SKU0001,2024-08-16,44,128.34,98.11,69,129.96
SKU0001,2024-08-17,43,133.71,98.11,69,120.33
SKU0001,2024-08-18,51,116.28,98.11,69,135.56
SKU0001,2024-08-19,44,123.67,98.11,69,123.42
SKU0001,2024-08-20,44,125.67,98.11,69,123.48
SKU0001,2024-08-21,41,131.08,98.11,69,115.44
SKU0001,2024-08-22,50,111.15,98.11,69,128.61
SKU0001,2024-08-23,43,137.29,98.11,69,128.24
SKU0001,2024-08-24,47,122.87,98.11,68,123.7
SKU0001,2024-08-25,49,117.64,98.11,68,137.41
SKU0001,2024-08-26,42,134.24,98.11,68,117.91
SKU0001,2024-08-27,45,130.5,98.11,68,123.04
SKU0001,2024-08-28,42,136.15,98.11,67,122.82
SKU0001,2024-08-29,45,119.04,98.11,67,116.98
SKU0001,2024-08-30,46,125.15,98.11,67,126.88
SKU0001,2024-08-31,48,125.68,98.11,67,132.15
SKU0001,2024-09-01,44,136.9,98.11,66,127.66
SKU0001,2024-09-02,52,112.02,98.11,66,118.63
SKU0001,2024-09-03,45,118.35,98.11,66,124.24
SKU0001,2024-09-04,46,115.2,98.11,66,114.69
SKU0001,2024-09-05,47,117.33,98.11,66,136.75
SKU0001,2024-09-06,46,123.29,98.11,65,116.78
SKU0001,2024-09-07,47,120.2,98.11,65,129.84
SKU0001,2024-09-08,50,120.8,98.11,65,139.75
SKU0001,2024-09-09,43,133.16,98.11,65,128.3
SKU0001,2024-09-10,44,135.52,98.11,65,138.17
SKU0001,2024-09-11,51,111.89,98.11,65,120.64
SKU0001,2024-09-12,51,115.69,98.11,65,133.99
SKU0001,2024-09-13,45,128.4,98.11,64,128.16
SKU0001,2024-09-14,50,119.81,98.11,64,132.98
SKU0001,2024-09-15,48,116.94,98.11,64,116.22
SKU0001,2024-09-16,46,118.07,98.11,64,118.39
SKU0001,2024-09-17,43,118.82,98.11,64,118.02
SKU0001,2024-09-18,43,133.28,98.11,64,132.13
SKU0001,2024-09-19,48,113.71,98.11,64,136.14
SKU0001,2024-09-20,48,129.44,98.11,64,133.72
SKU0001,2024-09-21,47,125.15,98.11,64,115.4
SKU0001,2024-09-22,53,118.1,98.11,64,136.72
SKU0001,2024-09-23,42,121.49,98.11,64,123.65
SKU0001,2024-09-24,50,116.99,98.11,64,124.75
SKU0001,2024-09-25,48,126.76,98.11,64,117.3
SKU0001,2024-09-26,53,112.19,98.11,64,133.41
SKU0001,2024-09-27,45,110.09,98.11,64,119.27
SKU0001,2024-09-28,49,127.21,98.11,64,128.99
SKU0001,2024-09-29,51,115.29,98.11,64,136.04
SKU0001,2024-09-30,48,111.9,98.11,64,116.9
SKU0001,2024-10-01,48,120.86,98.11,64,128.27
SKU0001,2024-10-02,47,111.35,98.11,64,120.57
SKU0001,2024-10-03,43,134.32,98.11,64,123.36
SKU0001,2024-10-04,53,110.71,98.11,64,126.7
SKU0001,2024-10-05,46,125.86,98.11,64,123.67
SKU0001,2024-10-06,48,122.0,98.11,64,131.16
SKU0001,2024-10-07,45,128.42,98.11,64,126.84
SKU0001,2024-10-08,46,118.97,98.11,64,129.51
SKU0001,2024-10-09,50,114.21,98.11,64,133.4
SKU0001,2024-10-10,40,136.94,98.11,64,128.84
SKU0001,2024-10-11,46,133.01,98.11,64,129.57
SKU0001,2024-10-12,39,133.6,98.11,64,129.01
SKU0001,2024-10-13,50,116.83,98.11,64,124.28
SKU0001,2024-10-14,51,111.02,98.11,64,123.22
SKU0001,2024-10-15,53,118.29,98.11,63,137.55
SKU0001,2024-10-16,47,124.71,98.11,63,130.1
SKU0001,2024-10-17,48,118.93,98.11,63,120.85
SKU0001,2024-10-18,43,132.71,98.11,62,127.32
SKU0001,2024-10-19,45,117.42,98.11,62,123.04
SKU0001,2024-10-20,48,136.48,98.11,62,138.41
SKU0001,2024-10-21,44,122.52,98.11,62,114.82
SKU0001,2024-10-22,40,133.1,98.11,62,120.37
SKU0001,2024-10-23,47,115.29,98.11,62,123.94
SKU0001,2024-10-24,46,121.26,98.11,62,127.05
SKU0001,2024-10-25,47,129.18,98.11,62,136.3
SKU0001,2024-10-26,52,113.75,98.11,62,116.87
SKU0001,2024-10-27,52,113.6,98.11,62,135.16
SKU0001,2024-10-28,41,136.6,98.11,62,116.05
SKU0001,2024-10-29,51,129.59,98.11,62,136.08
SKU0001,2024-10-30,50,111.08,98.11,62,115.94
SKU0001,2024-10-31,46,120.91,98.11,62,115.09
SKU0001,2024-11-01,47,121.87,98.11,62,132.38
SKU0001,2024-11-02,47,130.4,98.11,62,140.03
SKU0001,2024-11-03,50,116.85,98.11,62,137.47
SKU0001,2024-11-04,50,115.02,98.11,62,129.3
SKU0001,2024-11-05,54,112.17,98.11,62,138.0
SKU0001,2024-11-06,44,121.72,98.11,62,114.76
SKU0001,2024-11-07,48,128.88,98.11,61,139.47
SKU0001,2024-11-08,52,111.55,98.11,61,127.13
SKU0001,2024-11-09,43,135.11,98.11,61,133.04
SKU0001,2024-11-10,47,122.11,98.11,61,135.54
SKU0001,2024-11-11,49,116.54,98.11,60,132.93
SKU0001,2024-11-12,49,112.53,98.11,60,128.26
SKU0001,2024-11-13,51,114.98,98.11,60,126.77
SKU0001,2024-11-14,42,135.64,98.11,59,135.99
SKU0001,2024-11-15,44,127.5,98.11,59,119.85
SKU0001,2024-11-16,54,124.15,98.11,59,139.29
SKU0001,2024-11-17,47,128.01,98.11,58,132.74
SKU0001,2024-11-18,47,121.93,98.11,58,119.71
SKU0001,2024-11-19,48,130.02,98.11,58,133.38
SKU0001,2024-11-20,49,111.26,98.11,58,128.13
SKU0001,2024-11-21,45,125.51,98.11,58,132.64
SKU0001,2024-11-22,51,114.31,98.11,58,134.19
SKU0001,2024-11-23,48,113.25,98.11,58,116.85
SKU0001,2024-11-24,45,119.35,98.11,58,127.52
SKU0001,2024-11-25,53,112.47,98.11,58,138.37
SKU0001,2024-11-26,51,112.54,98.11,58,122.8
SKU0001,2024-11-27,47,118.51,98.11,57,129.76
SKU0001,2024-11-28,43,136.88,98.11,57,124.03
SKU0001,2024-11-29,51,114.77,98.11,57,126.2
SKU0001,2024-11-30,52,110.42,98.11,57,128.6
SKU0001,2024-12-01,46,130.93,98.11,57,128.61
SKU0001,2024-12-02,42,132.13,98.11,57,119.77
SKU0001,2024-12-03,46,119.47,98.11,57,132.07
SKU0001,2024-12-04,44,122.72,98.11,57,116.87
SKU0001,2024-12-05,42,127.81,98.11,57,118.16
SKU0001,2024-12-06,48,111.27,98.11,57,114.7
SKU0001,2024-12-07,43,136.04,98.11,56,117.6
SKU0001,2024-12-08,41,134.32,98.11,56,126.68
SKU0001,2024-12-09,49,117.12,98.11,56,130.07
SKU0001,2024-12-10,50,110.37,98.11,56,134.86
SKU0001,2024-12-11,40,135.61,98.11,56,117.35
SKU0001,2024-12-12,49,123.72,98.11,56,136.3
SKU0001,2024-12-13,45,124.78,98.11,56,133.63
SKU0001,2024-12-14,46,128.75,98.11,56,125.03
SKU0001,2024-12-15,45,126.88,98.11,56,138.39
SKU0001,2024-12-16,46,135.9,98.11,56,139.87
SKU0001,2024-12-17,38,135.91,98.11,56,119.85
SKU0001,2024-12-18,42,133.79,98.11,56,124.29
SKU0001,2024-12-19,51,127.44,98.11,56,138.23
SKU0001,2024-12-20,48,131.97,98.11,56,133.01
SKU0001,2024-12-21,42,128.57,98.11,56,115.85
SKU0001,2024-12-22,48,125.71,98.11,55,134.54
SKU0001,2024-12-23,53,113.48,98.11,55,135.72
SKU0001,2024-12-24,46,132.25,98.11,55,133.75
SKU0001,2024-12-25,45,132.51,98.11,55,135.0
SKU0001,2024-12-26,45,127.16,98.11,55,135.65
SKU0001,2024-12-27,44,132.5,98.11,55,119.38
SKU0001,2024-12-28,46,127.86,98.11,55,120.63
SKU0001,2024-12-29,53,115.63,98.11,54,130.77
SKU0001,2024-12-30,47,117.48,98.11,54,137.75
SKU0002,2024-01-01,0,108.48,83.06,42,129.76
SKU0002,2024-01-02,0,128.03,83.06,42,116.17
SKU0002,2024-01-03,0,112.91,83.06,42,122.13
SKU0002,2024-01-04,0,121.08,83.06,42,116.79
SKU0002,2024-01-05,0,130.15,83.06,42,132.41
SKU0002,2024-01-06,0,124.04,83.06,42,115.83
SKU0002,2024-01-07,0,120.89,83.06,42,119.98
SKU0002,2024-01-08,0,115.33,83.06,42,130.76
SKU0002,2024-01-09,0,115.56,83.06,41,130.01
SKU0002,2024-01-10,0,124.54,83.06,41,114.05
SKU0002,2024-01-11,0,133.19,83.06,41,129.06
SKU0002,2024-01-12,0,124.33,83.06,41,120.67
SKU0002,2024-01-13,0,121.56,83.06,41,121.27
SKU0002,2024-01-14,0,126.17,83.06,41,112.77
SKU0002,2024-01-15,0,119.09,83.06,40,111.48
SKU0002,2024-01-16,0,108.28,83.06,40,127.24
SKU0002,2024-01-17,0,121.68,83.06,40,121.6
SKU0002,2024-01-18,0,132.22,83.06,40,120.15
SKU0002,2024-01-19,0,111.36,83.06,40,127.28
SKU0002,2024-01-20,0,125.08,83.06,40,128.15
SKU0002,2024-01-21,0,112.04,83.06,40,113.39
SKU0002,2024-01-22,0,120.97,83.06,40,124.37
SKU0002,2024-01-23,0,109.26,83.06,40,112.81
SKU0002,2024-01-24,0,118.69,83.06,40,127.81
SKU0002,2024-01-25,0,126.85,83.06,40,125.51
SKU0002,2024-01-26,0,115.95,83.06,40,132.8
SKU0002,2024-01-27,0,124.41,83.06,40,111.2
SKU0002,2024-01-28,0,127.89,83.06,40,110.91
SKU0002,2024-01-29,0,131.41,83.06,40,116.39
SKU0002,2024-01-30,0,112.94,83.06,40,115.89
SKU0002,2024-01-31,0,117.33,83.06,40,115.53
SKU0002,2024-02-01,0,110.74,83.06,40,131.58
SKU0002,2024-02-02,0,133.15,83.06,40,115.59
SKU0002,2024-02-03,0,131.4,83.06,40,116.14
SKU0002,2024-02-04,0,121.08,83.06,40,128.0
SKU0002,2024-02-05,0,129.14,83.06,40,120.47
SKU0002,2024-02-06,0,120.57,83.06,40,128.42
SKU0002,2024-02-07,0,123.31,83.06,40,111.11
SKU0002,2024-02-08,0,109.06,83.06,40,121.39
SKU0002,2024-02-09,0,126.82,83.06,40,110.34
SKU0002,2024-02-10,0,110.09,83.06,40,111.05
SKU0002,2024-02-11,0,128.71,83.06,40,131.58
SKU0002,2024-02-12,0,127.54,83.06,40,112.91
SKU0002,2024-02-13,0,125.58,83.06,40,122.48
SKU0002,2024-02-14,0,107.64,83.06,39,119.53
SKU0002,2024-02-15,0,114.76,83.06,39,117.97
SKU0002,2024-02-16,0,113.7,83.06,39,131.42
SKU0002,2024-02-17,0,116.28,83.06,39,110.05
SKU0002,2024-02-18,0,109.02,83.06,39,125.68
SKU0002,2024-02-19,0,131.67,83.06,39,132.97
SKU0002,2024-02-20,0,121.45,83.06,39,123.15
SKU0002,2024-02-21,0,114.83,83.06,39,132.32
SKU0002,2024-02-22,0,117.27,83.06,39,110.79
SKU0002,2024-02-23,0,118.61,83.06,39,119.71
SKU0002,2024-02-24,0,122.7,83.06,39,115.85
SKU0002,2024-02-25,0,120.43,83.06,39,127.31
SKU0002,2024-02-26,0,131.2,83.06,39,133.4
SKU0002,2024-02-27,0,119.93,83.06,39,115.76
SKU0002,2024-02-28,0,133.14,83.06,39,125.44
SKU0002,2024-02-29,0,129.39,83.06,39,114.34
SKU0002,2024-03-01,0,112.24,83.06,39,123.28
SKU0002,2024-03-02,0,131.5,83.06,39,120.81
SKU0002,2024-03-03,0,109.78,83.06,39,133.18
SKU0002,2024-03-04,0,128.48,83.06,39,124.33
SKU0002,2024-03-05,0,116.83,83.06,39,118.03
SKU0002,2024-03-06,0,130.1,83.06,39,112.3
SKU0002,2024-03-07,0,129.83,83.06,39,113.2
SKU0002,2024-03-08,0,128.17,83.06,39,115.0
SKU0002,2024-03-09,0,127.75,83.06,39,115.63
SKU0002,2024-03-10,0,114.81,83.06,38,130.22
SKU0002,2024-03-11,0,108.84,83.06,38,123.18
SKU0002,2024-03-12,0,117.43,83.06,38,122.26
SKU0002,2024-03-13,0,111.31,83.06,38,112.31
SKU0002,2024-03-14,0,125.21,83.06,38,130.45
SKU0002,2024-03-15,0,115.91,83.06,38,127.11
SKU0002,2024-03-16,0,132.7,83.06,37,111.17
SKU0002,2024-03-17,0,123.77,83.06,37,126.75
SKU0002,2024-03-18,0,128.62,83.06,37,122.75
SKU0002,2024-03-19,0,110.21,83.06,37,111.51
SKU0002,2024-03-20,0,129.67,83.06,37,120.67
SKU0002,2024-03-21,0,131.29,83.06,37,121.32
SKU0002,2024-03-22,0,119.67,83.06,37,113.56
SKU0002,2024-03-23,0,122.85,83.06,37,132.54
SKU0002,2024-03-24,0,127.08,83.06,37,130.21
SKU0002,2024-03-25,0,111.34,83.06,37,125.8
SKU0002,2024-03-26,0,120.08,83.06,37,120.77
SKU0002,2024-03-27,0,117.31,83.06,36,119.54
SKU0002,2024-03-28,0,110.58,83.06,36,125.36
SKU0002,2024-03-29,0,116.48,83.06,36,122.8
SKU0002,2024-03-30,0,108.5,83.06,36,111.04
SKU0002,2024-03-31,0,107.37,83.06,35,121.99
SKU0002,2024-04-01,0,110.28,83.06,34,129.15
SKU0002,2024-04-02,0,132.37,83.06,34,120.7
SKU0002,2024-04-03,0,121.34,83.06,34,110.78
SKU0002,2024-04-04,0,132.44,83.06,34,128.66
SKU0002,2024-04-05,0,118.21,83.06,34,114.42
SKU0002,2024-04-06,0,115.0,83.06,34,115.81
SKU0002,2024-04-07,0,120.18,83.06,34,113.53
SKU0002,2024-04-08,0,118.4,83.06,34,117.56
SKU0002,2024-04-09,0,109.5,83.06,34,127.94
SKU0002,2024-04-10,0,123.77,83.06,34,122.16
SKU0002,2024-04-11,0,112.44,83.06,34,114.51
SKU0002,2024-04-12,0,123.2,83.06,34,130.88
SKU0002,2024-04-13,0,124.02,83.06,34,130.93
SKU0002,2024-04-14,0,110.73,83.06,34,130.71
SKU0002,2024-04-15,0,108.32,83.06,34,115.33
SKU0002,2024-04-16,0,127.5,83.06,34,120.5
SKU0002,2024-04-17,0,118.94,83.06,33,133.49
SKU0002,2024-04-18,0,108.23,83.06,33,128.31
SKU0002,2024-04-19,0,133.21,83.06,33,110.18
SKU0002,2024-04-20,0,108.22,83.06,33,111.11
SKU0002,2024-04-21,0,125.22,83.06,33,120.81
SKU0002,2024-04-22,0,132.91,83.06,33,131.65
SKU0002,2024-04-23,0,113.06,83.06,33,122.63
SKU0002,2024-04-24,0,110.47,83.06,33,121.64
SKU0002,2024-04-25,0,109.92,83.06,32,112.09
SKU0002,2024-04-26,0,114.77,83.06,32,125.51
SKU0002,2024-04-27,0,109.37,83.06,32,129.53
SKU0002,2024-04-28,0,125.14,83.06,32,118.78
SKU0002,2024-04-29,0,108.34,83.06,32,128.4
SKU0002,2024-04-30,0,120.27,83.06,32,132.99
SKU0002,2024-05-01,0,133.26,83.06,32,114.48
SKU0002,2024-05-02,0,128.39,83.06,32,122.26
SKU0002,2024-05-03,0,123.09,83.06,32,116.51
SKU0002,2024-05-04,0,114.85,83.06,32,128.82
SKU0002,2024-05-05,0,123.32,83.06,31,123.58
SKU0002,2024-05-06,0,120.74,83.06,31,124.96
SKU0002,2024-05-07,0,118.04,83.06,31,128.94
SKU0002,2024-05-08,0,110.17,83.06,31,119.16
SKU0002,2024-05-09,0,130.33,83.06,31,131.79
SKU0002,2024-05-10,0,118.68,83.06,31,122.49
SKU0002,2024-05-11,0,111.87,83.06,31,113.36
SKU0002,2024-05-12,0,116.49,83.06,31,126.46
SKU0002,2024-05-13,0,117.72,83.06,31,128.83
SKU0002,2024-05-14,0,128.75,83.06,31,117.23
SKU0002,2024-05-15,0,126.25,83.06,30,130.38
SKU0002,2024-05-16,0,127.2,83.06,30,131.57
SKU0002,2024-05-17,0,106.97,83.06,29,116.26
SKU0002,2024-05-18,0,117.78,83.06,29,133.46
SKU0002,2024-05-19,0,119.52,83.06,29,112.95
SKU0002,2024-05-20,0,107.19,83.06,29,114.44
SKU0002,2024-05-21,0,113.61,83.06,29,114.0
SKU0002,2024-05-22,0,126.96,83.06,29,131.28
SKU0002,2024-05-23,0,110.34,83.06,29,125.44
SKU0002,2024-05-24,0,120.96,83.06,29,113.22
SKU0002,2024-05-25,0,112.42,83.06,29,120.24
SKU0002,2024-05-26,0,107.0,83.06,29,124.5
SKU0002,2024-05-27,0,113.11,83.06,29,111.55
SKU0002,2024-05-28,0,132.71,83.06,29,131.0
SKU0002,2024-05-29,0,128.06,83.06,28,129.08
SKU0002,2024-05-30,0,132.27,83.06,28,121.82
SKU0002,2024-05-31,0,119.69,83.06,28,133.06
SKU0002,2024-06-01,0,109.61,83.06,28,119.69
SKU0002,2024-06-02,0,121.29,83.06,27,133.47
SKU0002,2024-06-03,0,118.8,83.06,27,125.78
SKU0002,2024-06-04,0,129.2,83.06,27,124.97
SKU0002,2024-06-05,0,109.3,83.06,27,113.56
SKU0002,2024-06-06,0,119.7,83.06,27,130.98
SKU0002,2024-06-07,0,110.68,83.06,27,119.92
SKU0002,2024-06-08,0,115.34,83.06,27,113.47
SKU0002,2024-06-09,0,126.35,83.06,27,109.83
SKU0002,2024-06-10,0,119.38,83.06,27,123.14
SKU0002,2024-06-11,0,116.7,83.06,27,122.36
SKU0002,2024-06-12,0,117.2,83.06,27,127.03
SKU0002,2024-06-13,0,118.93,83.06,26,131.19
SKU0002,2024-06-14,0,127.62,83.06,26,111.45
SKU0002,2024-06-15,0,130.47,83.06,26,127.32
SKU0002,2024-06-16,0,132.16,83.06,26,114.08
SKU0002,2024-06-17,0,127.67,83.06,26,130.41
SKU0002,2024-06-18,0,115.09,83.06,26,129.45
SKU0002,2024-06-19,0,125.03,83.06,26,122.68
SKU0002,2024-06-20,0,118.35,83.06,26,126.81
SKU0002,2024-06-21,0,113.47,83.06,26,117.17
SKU0002,2024-06-22,0,129.11,83.06,26,120.99
SKU0002,2024-06-23,0,107.7,83.06,26,129.52
SKU0002,2024-06-24,0,130.73,83.06,25,120.7
SKU0002,2024-06-25,0,118.99,83.06,24,118.23
SKU0002,2024-06-26,0,123.67,83.06,24,121.55
SKU0002,2024-06-27,0,124.26,83.06,24,129.68
SKU0002,2024-06-28,0,130.55,83.06,24,117.68
SKU0002,2024-06-29,0,123.66,83.06,24,113.75
SKU0002,2024-06-30,0,123.05,83.06,24,126.85
SKU0002,2024-07-01,0,108.46,83.06,24,129.62
SKU0002,2024-07-02,0,120.51,83.06,24,111.97
SKU0002,2024-07-03,0,110.68,83.06,24,115.36
SKU0002,2024-07-04,0,126.35,83.06,24,112.98
SKU0002,2024-07-05,0,120.34,83.06,24,117.99
SKU0002,2024-07-06,0,124.82,83.06,24,120.48
SKU0002,2024-07-07,0,107.79,83.06,24,127.75
SKU0002,2024-07-08,0,108.94,83.06,24,125.37
SKU0002,2024-07-09,0,125.78,83.06,24,124.63
SKU0002,2024-07-10,0,108.6,83.06,24,118.1
SKU0002,2024-07-11,0,108.58,83.06,24,130.0
SKU0002,2024-07-12,0,107.0,83.06,24,120.99
SKU0002,2024-07-13,0,132.19,83.06,24,133.35
SKU0002,2024-07-14,0,126.35,83.06,24,124.95
SKU0002,2024-07-15,0,116.1,83.06,24,112.59
SKU0002,2024-07-16,0,114.59,83.06,24,125.98
SKU0002,2024-07-17,0,116.01,83.06,24,117.43
SKU0002,2024-07-18,0,127.34,83.06,23,126.22
SKU0002,2024-07-19,0,124.32,83.06,22,111.22
SKU0002,2024-07-20,0,111.62,83.06,22,113.78
SKU0002,2024-07-21,0,111.32,83.06,22,130.35
SKU0002,2024-07-22,0,109.3,83.06,22,115.05
SKU0002,2024-07-23,0,124.29,83.06,22,129.89
SKU0002,2024-07-24,0,127.07,83.06,22,116.32
SKU0002,2024-07-25,0,113.75,83.06,22,125.17
SKU0002,2024-07-26,0,107.24,83.06,22,126.41
SKU0002,2024-07-27,0,108.87,83.06,22,122.0
SKU0002,2024-07-28,0,132.49,83.06,22,116.95
SKU0002,2024-07-29,0,114.56,83.06,22,114.7
SKU0002,2024-07-30,0,127.2,83.06,22,110.33
SKU0002,2024-07-31,0,123.34,83.06,22,116.92
SKU0002,2024-08-01,0,116.87,83.06,21,125.42
SKU0002,2024-08-02,0,112.17,83.06,20,132.36
SKU0002,2024-08-03,0,109.92,83.06,20,130.72
SKU0002,2024-08-04,0,123.08,83.06,20,128.16
SKU0002,2024-08-05,0,127.34,83.06,20,128.71
SKU0002,2024-08-06,0,123.85,83.06,19,125.7
SKU0002,2024-08-07,0,120.82,83.06,19,115.86
SKU0002,2024-08-08,0,107.8,83.06,19,131.6
SKU0002,2024-08-09,0,132.51,83.06,19,125.84
SKU0002,2024-08-10,0,127.98,83.06,19,123.16
SKU0002,2024-08-11,0,114.49,83.06,19,112.22
SKU0002,2024-08-12,0,132.82,83.06,19,120.4
SKU0002,2024-08-13,0,122.73,83.06,19,120.72
SKU0002,2024-08-14,0,122.21,83.06,19,130.56
SKU0002,2024-08-15,0,126.63,83.06,19,122.82
SKU0002,2024-08-16,0,128.33,83.06,19,118.78
SKU0002,2024-08-17,0,124.19,83.06,19,133.29
SKU0002,2024-08-18,0,110.1,83.06,19,112.22
SKU0002,2024-08-19,0,115.7,83.06,19,119.8
SKU0002,2024-08-20,0,131.43,83.06,19,110.54
SKU0002,2024-08-21,0,112.67,83.06,19,127.53
SKU0002,2024-08-22,0,116.61,83.06,19,131.86
SKU0002,2024-08-23,0,118.2,83.06,19,116.34
SKU0002,2024-08-24,0,118.4,83.06,19,130.41
SKU0002,2024-08-25,0,123.03,83.06,19,116.63
SKU0002,2024-08-26,0,131.83,83.06,19,131.69
SKU0002,2024-08-27,0,113.1,83.06,19,127.87
SKU0002,2024-08-28,0,109.92,83.06,19,129.11
SKU0002,2024-08-29,0,111.95,83.06,19,109.96
SKU0002,2024-08-30,0,130.33,83.06,19,132.95
SKU0002,2024-08-31,0,123.9,83.06,19,127.21
SKU0002,2024-09-01,0,114.31,83.06,19,116.94
SKU0002,2024-09-02,0,128.44,83.06,19,129.71
SKU0002,2024-09-03,0,129.65,83.06,19,116.37
SKU0002,2024-09-04,0,129.26,83.06,19,130.76
SKU0002,2024-09-05,0,131.19,83.06,19,112.26
SKU0002,2024-09-06,0,113.41,83.06,19,126.65
SKU0002,2024-09-07,0,126.82,83.06,19,122.68
SKU0002,2024-09-08,0,118.96,83.06,19,111.87
SKU0002,2024-09-09,0,129.14,83.06,19,115.41
SKU0002,2024-09-10,0,126.11,83.06,19,109.82
SKU0002,2024-09-11,0,127.39,83.06,19,120.93
SKU0002,2024-09-12,0,124.18,83.06,19,116.85
SKU0002,2024-09-13,0,111.41,83.06,19,124.08
SKU0002,2024-09-14,0,121.22,83.06,19,116.75
SKU0002,2024-09-15,0,132.94,83.06,19,116.82
SKU0002,2024-09-16,0,131.68,83.06,19,127.61
SKU0002,2024-09-17,0,107.83,83.06,19,110.69
SKU0002,2024-09-18,0,111.08,83.06,19,131.49
SKU0002,2024-09-19,0,110.19,83.06,19,130.26
SKU0002,2024-09-20,0,126.04,83.06,19,125.77
SKU0002,2024-09-21,0,128.49,83.06,18,123.96
SKU0002,2024-09-22,0,112.37,83.06,17,131.24
SKU0002,2024-09-23,0,120.17,83.06,17,114.03
SKU0002,2024-09-24,0,129.1,83.06,17,111.44
SKU0002,2024-09-25,0,126.22,83.06,17,115.35
SKU0002,2024-09-26,0,121.14,83.06,17,128.86
SKU0002,2024-09-27,0,122.42,83.06,17,110.36
SKU0002,2024-09-28,0,120.24,83.06,17,123.7
SKU0002,2024-09-29,0,114.62,83.06,17,133.75
SKU0002,2024-09-30,0,121.75,83.06,17,130.35
SKU0002,2024-10-01,0,125.05,83.06,17,122.21
SKU0002,2024-10-02,0,129.97,83.06,16,111.07
SKU0002,2024-10-03,0,123.65,83.06,15,129.75
SKU0002,2024-10-04,0,126.98,83.06,15,124.1
SKU0002,2024-10-05,0,110.95,83.06,15,112.32
SKU0002,2024-10-06,0,118.99,83.06,15,111.8
SKU0002,2024-10-07,0,106.93,83.06,15,131.66
SKU0002,2024-10-08,0,113.26,83.06,15,125.81
SKU0002,2024-10-09,0,126.05,83.06,15,129.7
SKU0002,2024-10-10,0,133.13,83.06,14,130.91
SKU0002,2024-10-11,0,109.33,83.06,14,123.44
SKU0002,2024-10-12,0,117.39,83.06,14,122.11
SKU0002,2024-10-13,0,128.02,83.06,14,120.0
SKU0002,2024-10-14,0,112.12,83.06,14,117.23
SKU0002,2024-10-15,0,121.48,83.06,14,120.1
SKU0002,2024-10-16,0,126.23,83.06,14,128.36
SKU0002,2024-10-17,0,123.11,83.06,14,124.17
SKU0002,2024-10-18,0,111.69,83.06,14,131.24
SKU0002,2024-10-19,0,116.16,83.06,14,120.31
SKU0002,2024-10-20,0,127.58,83.06,14,124.3
SKU0002,2024-10-21,0,121.46,83.06,14,124.89
SKU0002,2024-10-22,0,106.82,83.06,14,123.92
SKU0002,2024-10-23,0,126.98,83.06,14,126.62
SKU0002,2024-10-24,0,107.62,83.06,14,115.3
SKU0002,2024-10-25,0,126.57,83.06,14,121.99
SKU0002,2024-10-26,0,112.08,83.06,14,112.06
SKU0002,2024-10-27,0,132.23,83.06,14,118.88
SKU0002,2024-10-28,0,116.49,83.06,14,121.39
SKU0002,2024-10-29,0,115.4,83.06,14,125.39
SKU0002,2024-10-30,0,110.65,83.06,14,132.65
SKU0002,2024-10-31,0,114.83,83.06,14,124.14
SKU0002,2024-11-01,0,130.06,83.06,14,127.62
SKU0002,2024-11-02,0,133.25,83.06,14,121.84
SKU0002,2024-11-03,0,116.5,83.06,14,124.95
SKU0002,2024-11-04,0,118.64,83.06,14,111.25
SKU0002,2024-11-05,0,125.94,83.06,14,115.71
SKU0002,2024-11-06,0,130.31,83.06,14,118.33
SKU0002,2024-11-07,0,122.5,83.06,14,121.02
SKU0002,2024-11-08,0,117.12,83.06,14,110.63
SKU0002,2024-11-09,0,117.68,83.06,14,112.93
SKU0002,2024-11-10,0,125.23,83.06,14,116.26
SKU0002,2024-11-11,0,106.77,83.06,14,133.17
SKU0002,2024-11-12,0,123.2,83.06,14,117.58
SKU0002,2024-11-13,0,116.16,83.06,14,121.25
SKU0002,2024-11-14,0,127.86,83.06,14,114.29
SKU0002,2024-11-15,0,109.16,83.06,14,124.39
SKU0002,2024-11-16,0,122.37,83.06,14,116.35
SKU0002,2024-11-17,0,119.51,83.06,14,114.56
SKU0002,2024-11-18,0,123.81,83.06,14,122.09
SKU0002,2024-11-19,0,108.41,83.06,14,109.65
SKU0002,2024-11-20,0,122.15,83.06,14,109.71
SKU0002,2024-11-21,0,121.65,83.06,14,114.85
SKU0002,2024-11-22,0,121.63,83.06,14,110.41
SKU0002,2024-11-23,0,122.78,83.06,14,112.15
SKU0002,2024-11-24,0,124.72,83.06,14,117.77
SKU0002,2024-11-25,0,128.15,83.06,14,129.05
SKU0002,2024-11-26,0,113.88,83.06,13,123.44
SKU0002,2024-11-27,0,128.68,83.06,13,122.0
SKU0002,2024-11-28,0,119.97,83.06,13,116.66
SKU0002,2024-11-29,0,108.74,83.06,13,132.2
SKU0002,2024-11-30,0,108.24,83.06,13,119.18
SKU0002,2024-12-01,0,115.59,83.06,13,111.64
SKU0002,2024-12-02,0,127.61,83.06,12,124.54
SKU0002,2024-12-03,0,125.55,83.06,12,112.29
SKU0002,2024-12-04,0,127.71,83.06,12,117.92
SKU0002,2024-12-05,0,120.48,83.06,12,121.87
SKU0002,2024-12-06,0,118.42,83.06,12,130.8
SKU0002,2024-12-07,0,110.61,83.06,12,121.53
SKU0002,2024-12-08,0,115.43,83.06,12,126.61
SKU0002,2024-12-09,0,118.26,83.06,12,133.68
SKU0002,2024-12-10,0,109.04,83.06,12,112.72
SKU0002,2024-12-11,0,112.56,83.06,12,116.21
SKU0002,2024-12-12,0,122.63,83.06,12,119.12
SKU0002,2024-12-13,0,126.3,83.06,12,119.79
SKU0002,2024-12-14,0,133.31,83.06,12,119.52
SKU0002,2024-12-15,0,131.57,83.06,12,131.61
SKU0002,2024-12-16,0,123.82,83.06,12,126.9
SKU0002,2024-12-17,0,117.91,83.06,11,124.32
SKU0002,2024-12-18,0,123.65,83.06,11,117.05
SKU0002,2024-12-19,0,127.63,83.06,11,129.57
SKU0002,2024-12-20,0,109.84,83.06,11,132.76
SKU0002,2024-12-21,0,117.61,83.06,11,129.51
SKU0002,2024-12-22,0,129.08,83.06,11,109.56
SKU0002,2024-12-23,0,116.92,83.06,11,125.01
SKU0002,2024-12-24,0,121.93,83.06,11,110.76
SKU0002,2024-12-25,0,122.36,83.06,11,115.79
SKU0002,2024-12-26,0,111.6,83.06,11,110.97
SKU0002,2024-12-27,0,116.34,83.06,11,124.22
SKU0002,2024-12-28,0,115.6,83.06,11,126.23
SKU0002,2024-12-29,0,107.38,83.06,11,112.31
SKU0002,2024-12-30,0,107.33,83.06,11,118.86
SKU0003,2024-01-01,0,164.78,107.28,58,169.18
SKU0003,2024-01-02,0,176.4,107.28,58,167.44
SKU0003,2024-01-03,0,163.8,107.28,58,173.67
SKU0003,2024-01-04,0,167.71,107.28,58,170.42
SKU0003,2024-01-05,0,165.48,107.28,58,174.72
SKU0003,2024-01-06,0,177.09,107.28,58,173.74
SKU0003,2024-01-07,0,181.66,107.28,58,155.52
SKU0003,2024-01-08,0,169.3,107.28,58,178.51
SKU0003,2024-01-09,0,178.92,107.28,58,155.73
SKU0003,2024-01-10,1,160.51,107.28,58,175.1
SKU0003,2024-01-11,0,169.65,107.28,57,165.59
SKU0003,2024-01-12,0,162.32,107.28,57,168.88
SKU0003,2024-01-13,0,164.9,107.28,57,182.0
SKU0003,2024-01-14,0,176.79,107.28,57,181.55
SKU0003,2024-01-15,0,182.36,107.28,57,179.12
SKU0003,2024-01-16,2,153.97,107.28,56,168.76
SKU0003,2024-01-17,0,173.13,107.28,56,176.37
SKU0003,2024-01-18,0,171.17,107.28,56,168.85
SKU0003,2024-01-19,6,153.85,107.28,56,180.87
SKU0003,2024-01-20,0,157.34,107.28,56,165.14
SKU0003,2024-01-21,0,161.04,107.28,55,184.26
SKU0003,2024-01-22,6,155.66,107.28,55,182.98
SKU0003,2024-01-23,3,158.53,107.28,55,176.55
SKU0003,2024-01-24,0,159.42,107.28,55,160.99
SKU0003,2024-01-25,0,161.97,107.28,55,156.01
SKU0003,2024-01-26,0,177.42,107.28,55,180.36
SKU0003,2024-01-27,0,170.79,107.28,55,157.14
SKU0003,2024-01-28,0,186.27,107.28,55,180.35
SKU0003,2024-01-29,0,164.92,107.28,55,168.11
SKU0003,2024-01-30,0,177.59,107.28,55,165.27
SKU0003,2024-01-31,0,181.98,107.28,55,182.0
SKU0003,2024-02-01,0,174.79,107.28,55,171.91
SKU0003,2024-02-02,0,164.81,107.28,55,171.0
SKU0003,2024-02-03,0,177.58,107.28,55,170.4
SKU0003,2024-02-04,1,157.03,107.28,55,164.08
SKU0003,2024-02-05,1,161.66,107.28,55,178.04
SKU0003,2024-02-06,0,169.85,107.28,55,160.09
SKU0003,2024-02-07,0,170.92,107.28,55,183.2
SKU0003,2024-02-08,8,150.25,107.28,55,181.69
SKU0003,2024-02-09,0,184.73,107.28,55,162.94
SKU0003,2024-02-10,0,175.45,107.28,55,176.15
SKU0003,2024-02-11,0,167.94,107.28,55,170.88
SKU0003,2024-02-12,0,184.28,107.28,55,162.95
SKU0003,2024-02-13,0,165.83,107.28,55,184.87
SKU0003,2024-02-14,0,186.05,107.28,55,152.43
SKU0003,2024-02-15,0,168.56,107.28,55,160.09
SKU0003,2024-02-16,4,153.7,107.28,55,169.09
SKU0003,2024-02-17,0,178.0,107.28,55,169.16
SKU0003,2024-02-18,0,174.79,107.28,55,171.41
SKU0003,2024-02-19,0,178.3,107.28,55,176.89
SKU0003,2024-02-20,0,184.97,107.28,55,172.58
SKU0003,2024-02-21,0,178.43,107.28,55,171.79
SKU0003,2024-02-22,0,172.26,107.28,55,153.38
SKU0003,2024-02-23,0,181.45,107.28,55,164.26
SKU0003,2024-02-24,0,174.58,107.28,55,159.39
SKU0003,2024-02-25,0,164.67,107.28,55,160.51
SKU0003,2024-02-26,0,182.51,107.28,55,170.25
SKU0003,2024-02-27,0,157.72,107.28,55,158.3
SKU0003,2024-02-28,0,176.12,107.28,54,161.48
SKU0003,2024-02-29,0,182.36,107.28,54,159.56
SKU0003,2024-03-01,0,176.75,107.28,54,183.52
SKU0003,2024-03-02,0,175.47,107.28,54,183.39
SKU0003,2024-03-03,0,177.54,107.28,54,172.12
SKU0003,2024-03-04,0,166.8,107.28,54,182.72
SKU0003,2024-03-05,0,182.08,107.28,54,178.04
SKU0003,2024-03-06,0,157.03,107.28,54,171.45
SKU0003,2024-03-07,0,154.19,107.28,54,151.79
SKU0003,2024-03-08,3,160.09,107.28,54,177.6
SKU0003,2024-03-09,0,169.28,107.28,54,175.24
SKU0003,2024-03-10,0,168.5,107.28,53,172.3
SKU0003,2024-03-11,0,180.08,107.28,53,177.19
SKU0003,2024-03-12,0,164.54,107.28,53,168.85
SKU0003,2024-03-13,2,167.52,107.28,53,175.29
SKU0003,2024-03-14,5,149.93,107.28,53,183.07
SKU0003,2024-03-15,0,164.73,107.28,53,164.23
SKU0003,2024-03-16,0,173.63,107.28,53,175.43
SKU0003,2024-03-17,6,150.01,107.28,53,167.6
SKU0003,2024-03-18,0,159.92,107.28,53,174.29
SKU0003,2024-03-19,7,157.19,107.28,53,177.27
SKU0003,2024-03-20,1,150.99,107.28,53,153.11
SKU0003,2024-03-21,0,167.33,107.28,53,173.35
SKU0003,2024-03-22,3,156.21,107.28,53,159.21
SKU0003,2024-03-23,0,177.19,107.28,53,174.14
SKU0003,2024-03-24,0,181.1,107.28,53,167.35
SKU0003,2024-03-25,0,169.81,107.28,53,177.63
SKU0003,2024-03-26,0,186.1,107.28,52,155.73
SKU0003,2024-03-27,0,166.25,107.28,52,172.67
SKU0003,2024-03-28,0,168.6,107.28,52,160.95
SKU0003,2024-03-29,0,186.38,107.28,52,180.31
SKU0003,2024-03-30,5,158.08,107.28,52,182.85
SKU0003,2024-03-31,0,184.64,107.28,52,185.14
SKU0003,2024-04-01,5,151.03,107.28,52,178.39
SKU0003,2024-04-02,1,166.1,107.28,52,176.96
SKU0003,2024-04-03,6,152.04,107.28,52,158.83
SKU0003,2024-04-04,0,176.67,107.28,51,162.89
SKU0003,2024-04-05,0,172.15,107.28,51,167.26
SKU0003,2024-04-06,0,175.82,107.28,51,177.63
SKU0003,2024-04-07,5,163.42,107.28,51,182.39
SKU0003,2024-04-08,0,163.23,107.28,51,157.95
SKU0003,2024-04-09,4,151.12,107.28,51,182.64
SKU0003,2024-04-10,0,162.5,107.28,51,175.01
SKU0003,2024-04-11,0,184.14,107.28,51,172.15
SKU0003,2024-04-12,0,163.59,107.28,51,158.31
SKU0003,2024-04-13,0,180.48,107.28,51,153.45
SKU0003,2024-04-14,0,180.89,107.28,51,170.72
SKU0003,2024-04-15,0,163.37,107.28,51,173.52
SKU0003,2024-04-16,0,173.04,107.28,51,158.67
SKU0003,2024-04-17,2,152.99,107.28,51,170.32
SKU0003,2024-04-18,3,153.3,107.28,51,180.42
SKU0003,2024-04-19,7,151.24,107.28,51,179.7
SKU0003,2024-04-20,0,171.13,107.28,51,182.81
SKU0003,2024-04-21,0,165.34,107.28,51,163.9
SKU0003,2024-04-22,0,169.9,107.28,51,162.29
SKU0003,2024-04-23,0,168.89,107.28,51,176.82
SKU0003,2024-04-24,0,162.51,107.28,51,166.1
SKU0003,2024-04-25,0,174.73,107.28,51,154.52
SKU0003,2024-04-26,0,177.76,107.28,51,161.1
SKU0003,2024-04-27,2,149.97,107.28,51,165.67
SKU0003,2024-04-28,0,157.17,107.28,51,161.43
SKU0003,2024-04-29,0,176.07,107.28,51,162.76
SKU0003,2024-04-30,0,163.87,107.28,50,161.47
SKU0003,2024-05-01,0,174.17,107.28,50,152.97
SKU0003,2024-05-02,0,162.39,107.28,50,173.03
SKU0003,2024-05-03,0,164.02,107.28,49,171.69
SKU0003,2024-05-04,1,155.35,107.28,49,173.58
SKU0003,2024-05-05,0,159.07,107.28,49,158.05
SKU0003,2024-05-06,0,172.04,107.28,49,161.53
SKU0003,2024-05-07,0,165.61,107.28,49,172.45
SKU0003,2024-05-08,0,178.35,107.28,49,171.77
SKU0003,2024-05-09,0,181.28,107.28,49,168.63
SKU0003,2024-05-10,0,169.66,107.28,48,163.38
SKU0003,2024-05-11,0,177.75,107.28,48,182.33
SKU0003,2024-05-12,0,160.89,107.28,48,163.02
SKU0003,2024-05-13,0,164.93,107.28,48,166.92
SKU0003,2024-05-14,0,176.05,107.28,48,174.42
SKU0003,2024-05-15,0,163.85,107.28,48,169.87
SKU0003,2024-05-16,0,171.41,107.28,48,163.26
SKU0003,2024-05-17,0,156.35,107.28,48,166.25
SKU0003,2024-05-18,0,171.83,107.28,48,178.34
SKU0003,2024-05-19,0,181.61,107.28,47,160.94
SKU0003,2024-05-20,0,181.88,107.28,47,156.37
SKU0003,2024-05-21,0,176.49,107.28,47,162.12
SKU0003,2024-05-22,0,177.29,107.28,47,180.19
SKU0003,2024-05-23,0,170.27,107.28,47,154.57
SKU0003,2024-05-24,0,171.27,107.28,47,184.98
SKU0003,2024-05-25,5,154.42,107.28,47,169.8
SKU0003,2024-05-26,0,166.01,107.28,47,184.75
SKU0003,2024-05-27,0,166.27,107.28,47,183.2
SKU0003,2024-05-28,0,185.23,107.28,47,166.83
SKU0003,2024-05-29,0,165.53,107.28,47,158.26
SKU0003,2024-05-30,0,169.95,107.28,47,157.13
SKU0003,2024-05-31,0,169.35,107.28,47,159.66
SKU0003,2024-06-01,0,173.21,107.28,47,175.49
SKU0003,2024-06-02,0,177.38,107.28,47,160.77
SKU0003,2024-06-03,3,157.83,107.28,47,163.08
SKU0003,2024-06-04,0,169.18,107.28,47,166.69
SKU0003,2024-06-05,0,180.28,107.28,47,182.34
SKU0003,2024-06-06,0,166.73,107.28,47,157.95
SKU0003,2024-06-07,0,159.83,107.28,47,151.74
SKU0003,2024-06-08,0,173.88,107.28,47,153.6
SKU0003,2024-06-09,0,180.2,107.28,47,182.05
SKU0003,2024-06-10,4,151.79,107.28,47,173.39
SKU0003,2024-06-11,0,178.44,107.28,47,160.77
SKU0003,2024-06-12,0,180.12,107.28,47,157.54
SKU0003,2024-06-13,0,166.67,107.28,47,161.49
SKU0003,2024-06-14,0,186.16,107.28,47,155.44
SKU0003,2024-06-15,0,178.82,107.28,47,183.29
SKU0003,2024-06-16,0,178.33,107.28,46,177.99
SKU0003,2024-06-17,0,177.36,107.28,46,167.15
SKU0003,2024-06-18,2,155.05,107.28,45,180.71
SKU0003,2024-06-19,3,157.54,107.28,45,159.98
SKU0003,2024-06-20,0,166.76,107.28,45,175.73
SKU0003,2024-06-21,5,159.29,107.28,45,180.41
SKU0003,2024-06-22,0,164.94,107.28,45,163.59
SKU0003,2024-06-23,0,182.62,107.28,45,177.09
SKU0003,2024-06-24,0,180.22,107.28,45,161.51
SKU0003,2024-06-25,0,172.96,107.28,45,161.64
SKU0003,2024-06-26,0,181.48,107.28,44,155.18
SKU0003,2024-06-27,0,178.71,107.28,44,166.4
SKU0003,2024-06-28,1,165.45,107.28,44,176.15
SKU0003,2024-06-29,0,156.94,107.28,44,183.24
SKU0003,2024-06-30,0,168.64,107.28,44,171.91
SKU0003,2024-07-01,0,176.93,107.28,44,180.65
SKU0003,2024-07-02,0,165.73,107.28,44,179.28
SKU0003,2024-07-03,0,174.33,107.28,44,157.41
SKU0003,2024-07-04,4,152.95,107.28,44,167.94
SKU0003,2024-07-05,0,177.37,107.28,44,155.51
SKU0003,2024-07-06,0,179.79,107.28,43,174.55
SKU0003,2024-07-07,0,175.83,107.28,43,183.57
SKU0003,2024-07-08,0,185.56,107.28,43,156.19
SKU0003,2024-07-09,0,180.31,107.28,43,176.29
SKU0003,2024-07-10,0,183.16,107.28,43,172.87
SKU0003,2024-07-11,0,184.3,107.28,43,171.23
SKU0003,2024-07-12,0,179.36,107.28,43,164.72
SKU0003,2024-07-13,0,174.61,107.28,43,163.54
SKU0003,2024-07-14,1,149.64,107.28,43,153.1
SKU0003,2024-07-15,0,166.83,107.28,43,158.91
SKU0003,2024-07-16,0,170.76,107.28,43,152.09
SKU0003,2024-07-17,0,160.78,107.28,43,171.16
SKU0003,2024-07-18,0,161.31,107.28,43,155.14
SKU0003,2024-07-19,0,185.33,107.28,43,180.98
SKU0003,2024-07-20,0,182.74,107.28,43,169.2
SKU0003,2024-07-21,0,181.15,107.28,43,175.14
SKU0003,2024-07-22,0,164.59,107.28,43,165.41
SKU0003,2024-07-23,7,149.94,107.28,43,170.46
SKU0003,2024-07-24,4,152.42,107.28,43,183.33
SKU0003,2024-07-25,0,161.09,107.28,43,154.36
SKU0003,2024-07-26,1,150.01,107.28,43,160.13
SKU0003,2024-07-27,6,150.07,107.28,42,177.85
SKU0003,2024-07-28,0,183.67,107.28,42,154.9
SKU0003,2024-07-29,0,175.81,107.28,42,154.12
SKU0003,2024-07-30,0,160.97,107.28,42,163.75
SKU0003,2024-07-31,1,154.38,107.28,42,154.68
SKU0003,2024-08-01,0,168.54,107.28,42,171.28
SKU0003,2024-08-02,3,149.63,107.28,41,159.2
SKU0003,2024-08-03,0,184.48,107.28,41,181.75
SKU0003,2024-08-04,5,164.92,107.28,41,177.97
SKU0003,2024-08-05,0,164.46,107.28,41,175.14
SKU0003,2024-08-06,0,164.02,107.28,41,172.36
SKU0003,2024-08-07,7,152.02,107.28,41,180.66
SKU0003,2024-08-08,0,173.27,107.28,41,159.09
SKU0003,2024-08-09,0,176.81,107.28,41,180.98
SKU0003,2024-08-10,0,174.68,107.28,41,178.17
SKU0003,2024-08-11,3,154.6,107.28,41,176.78
SKU0003,2024-08-12,0,171.05,107.28,41,170.48
SKU0003,2024-08-13,0,170.7,107.28,41,159.87
SKU0003,2024-08-14,0,181.87,107.28,41,165.84
SKU0003,2024-08-15,0,163.59,107.28,41,178.31
SKU0003,2024-08-16,0,163.3,107.28,41,152.65
SKU0003,2024-08-17,0,172.53,107.28,41,177.92
SKU0003,2024-08-18,0,173.08,107.28,41,159.66
SKU0003,2024-08-19,0,166.96,107.28,41,156.44
SKU0003,2024-08-20,0,165.98,107.28,41,155.47
SKU0003,2024-08-21,0,167.89,107.28,41,152.49
SKU0003,2024-08-22,0,181.59,107.28,40,169.21
SKU0003,2024-08-23,0,166.65,107.28,40,158.93
SKU0003,2024-08-24,0,184.54,107.28,40,184.9
SKU0003,2024-08-25,0,168.25,107.28,40,170.92
SKU0003,2024-08-26,0,184.89,107.28,40,156.22
SKU0003,2024-08-27,0,180.54,107.28,40,174.77
SKU0003,2024-08-28,1,162.97,107.28,40,181.81
SKU0003,2024-08-29,0,181.69,107.28,40,176.68
SKU0003,2024-08-30,1,153.54,107.28,40,154.15
SKU0003,2024-08-31,0,183.98,107.28,40,181.75
SKU0003,2024-09-01,0,173.02,107.28,40,178.32
SKU0003,2024-09-02,4,151.46,107.28,40,156.91
SKU0003,2024-09-03,0,173.49,107.28,40,153.32
SKU0003,2024-09-04,0,185.82,107.28,40,170.35
SKU0003,2024-09-05,1,152.03,107.28,40,156.83
SKU0003,2024-09-06,0,170.15,107.28,40,179.69
SKU0003,2024-09-07,0,177.36,107.28,40,163.64
SKU0003,2024-09-08,0,179.69,107.28,39,182.32
SKU0003,2024-09-09,0,164.89,107.28,39,170.63
SKU0003,2024-09-10,0,157.05,107.28,39,157.73
SKU0003,2024-09-11,1,151.01,107.28,39,156.28
SKU0003,2024-09-12,0,171.08,107.28,38,170.99
SKU0003,2024-09-13,0,166.35,107.28,38,177.24
SKU0003,2024-09-14,0,184.87,107.28,38,177.9
SKU0003,2024-09-15,0,151.69,107.28,38,160.86
SKU0003,2024-09-16,0,175.03,107.28,38,158.45
SKU0003,2024-09-17,1,150.36,107.28,38,152.14
SKU0003,2024-09-18,2,155.83,107.28,37,174.45
SKU0003,2024-09-19,0,166.37,107.28,37,154.15
SKU0003,2024-09-20,0,166.42,107.28,37,165.75
SKU0003,2024-09-21,0,175.04,107.28,37,171.84
SKU0003,2024-09-22,0,183.43,107.28,36,183.14
SKU0003,2024-09-23,0,173.3,107.28,36,162.08
SKU0003,2024-09-24,0,185.05,107.28,36,159.99
SKU0003,2024-09-25,0,182.36,107.28,36,173.61
SKU0003,2024-09-26,0,171.26,107.28,35,172.43
SKU0003,2024-09-27,0,180.57,107.28,35,162.76
SKU0003,2024-09-28,0,173.43,107.28,34,182.84
SKU0003,2024-09-29,4,152.36,107.28,34,180.03
SKU0003,2024-09-30,0,177.09,107.28,34,159.12
SKU0003,2024-10-01,1,152.97,107.28,33,159.63
SKU0003,2024-10-02,0,171.62,107.28,32,168.83
SKU0003,2024-10-03,0,175.67,107.28,32,177.63
SKU0003,2024-10-04,0,151.91,107.28,32,153.06
SKU0003,2024-10-05,0,158.05,107.28,32,174.93
SKU0003,2024-10-06,0,183.63,107.28,32,173.41
SKU0003,2024-10-07,0,172.45,107.28,32,159.37
SKU0003,2024-10-08,4,158.63,107.28,32,174.53
SKU0003,2024-10-09,0,175.23,107.28,32,183.24
SKU0003,2024-10-10,0,171.72,107.28,32,153.15
SKU0003,2024-10-11,0,168.16,107.28,32,162.34
SKU0003,2024-10-12,0,185.89,107.28,32,166.33
SKU0003,2024-10-13,0,174.96,107.28,32,181.87
SKU0003,2024-10-14,0,163.45,107.28,32,183.99
SKU0003,2024-10-15,0,179.31,107.28,32,166.53
SKU0003,2024-10-16,0,182.47,107.28,32,176.84
SKU0003,2024-10-17,4,154.1,107.28,32,169.48
SKU0003,2024-10-18,1,156.92,107.28,31,169.69
SKU0003,2024-10-19,2,157.5,107.28,31,160.94
SKU0003,2024-10-20,0,175.25,107.28,30,158.88
SKU0003,2024-10-21,0,171.95,107.28,30,161.28
SKU0003,2024-10-22,0,172.55,107.28,30,170.31
SKU0003,2024-10-23,0,184.57,107.28,30,152.56
SKU0003,2024-10-24,0,178.41,107.28,30,182.13
SKU0003,2024-10-25,0,154.21,107.28,30,156.84
SKU0003,2024-10-26,0,162.41,107.28,30,158.99
SKU0003,2024-10-27,0,165.69,107.28,30,169.03
SKU0003,2024-10-28,1,164.22,107.28,30,175.49
SKU0003,2024-10-29,0,174.43,107.28,30,154.8
SKU0003,2024-10-30,0,182.74,107.28,30,162.28
SKU0003,2024-10-31,1,160.86,107.28,30,184.2
SKU0003,2024-11-01,0,170.04,107.28,30,160.41
SKU0003,2024-11-02,0,178.92,107.28,30,162.12
SKU0003,2024-11-03,2,164.97,107.28,30,179.75
SKU0003,2024-11-04,0,155.71,107.28,30,153.27
SKU0003,2024-11-05,0,167.17,107.28,30,167.22
SKU0003,2024-11-06,5,151.49,107.28,30,164.36
SKU0003,2024-11-07,0,184.63,107.28,30,162.24
SKU0003,2024-11-08,3,152.22,107.28,30,161.2
SKU0003,2024-11-09,0,165.81,107.28,30,154.65
SKU0003,2024-11-10,0,169.22,107.28,30,162.18
SKU0003,2024-11-11,0,186.23,107.28,30,153.03
SKU0003,2024-11-12,5,155.63,107.28,30,177.88
SKU0003,2024-11-13,0,153.7,107.28,30,164.99
SKU0003,2024-11-14,4,149.75,107.28,30,166.53
SKU0003,2024-11-15,3,155.24,107.28,30,181.67
SKU0003,2024-11-16,4,157.17,107.28,30,173.74
SKU0003,2024-11-17,0,172.98,107.28,30,151.85
SKU0003,2024-11-18,4,157.63,107.28,30,183.34
SKU0003,2024-11-19,3,150.19,107.28,30,159.56
SKU0003,2024-11-20,0,180.31,107.28,30,155.2
SKU0003,2024-11-21,2,163.08,107.28,30,177.45
SKU0003,2024-11-22,0,162.64,107.28,30,168.43
SKU0003,2024-11-23,0,160.73,107.28,30,166.19
SKU0003,2024-11-24,0,185.86,107.28,30,159.98
SKU0003,2024-11-25,0,155.78,107.28,30,170.02
SKU0003,2024-11-26,0,182.98,107.28,30,160.82
SKU0003,2024-11-27,0,178.45,107.28,30,181.94
SKU0003,2024-11-28,1,152.28,107.28,30,158.82
SKU0003,2024-11-29,0,186.29,107.28,30,181.36
SKU0003,2024-11-30,0,159.56,107.28,30,170.42
SKU0003,2024-12-01,6,153.11,107.28,30,179.48
SKU0003,2024-12-02,0,180.41,107.28,30,175.59
SKU0003,2024-12-03,0,175.83,107.28,30,175.04
SKU0003,2024-12-04,0,172.48,107.28,29,162.5
SKU0003,2024-12-05,0,155.25,107.28,29,159.45
SKU0003,2024-12-06,0,167.3,107.28,29,158.68
SKU0003,2024-12-07,0,178.59,107.28,29,180.45
SKU0003,2024-12-08,1,160.77,107.28,29,179.21
SKU0003,2024-12-09,0,161.07,107.28,28,166.42
SKU0003,2024-12-10,0,149.54,107.28,28,156.03
SKU0003,2024-12-11,0,155.94,107.28,28,164.45
SKU0003,2024-12-12,0,182.13,107.28,28,172.44
SKU0003,2024-12-13,0,165.93,107.28,28,166.88
SKU0003,2024-12-14,0,186.19,107.28,28,177.85
SKU0003,2024-12-15,3,164.21,107.28,27,185.18
SKU0003,2024-12-16,0,176.14,107.28,27,158.01
SKU0003,2024-12-17,0,159.96,107.28,27,167.06
SKU0003,2024-12-18,0,163.02,107.28,27,166.09
SKU0003,2024-12-19,2,156.55,107.28,27,161.83
SKU0003,2024-12-20,0,162.39,107.28,27,158.25
SKU0003,2024-12-21,0,169.87,107.28,27,153.79
SKU0003,2024-12-22,0,186.48,107.28,27,181.46
SKU0003,2024-12-23,0,174.24,107.28,27,165.72
SKU0003,2024-12-24,0,156.87,107.28,27,168.31
SKU0003,2024-12-25,1,151.11,107.28,27,182.46
SKU0003,2024-12-26,4,154.15,107.28,27,177.72
SKU0003,2024-12-27,0,170.44,107.28,27,155.97
SKU0003,2024-12-28,0,178.01,107.28,27,170.62
SKU0003,2024-12-29,0,184.56,107.28,27,166.47
SKU0003,2024-12-30,6,150.02,107.28,27,178.43
SKU0004,2024-01-01,0,137.36,107.23,97,151.39
SKU0004,2024-01-02,0,141.89,107.23,97,139.19
SKU0004,2024-01-03,0,145.25,107.23,97,151.36
SKU0004,2024-01-04,0,129.59,107.23,96,160.1
SKU0004,2024-01-05,0,137.41,107.23,96,162.28
SKU0004,2024-01-06,0,149.23,107.23,96,133.79
SKU0004,2024-01-07,0,143.82,107.23,96,139.79
SKU0004,2024-01-08,0,136.3,107.23,96,142.0
SKU0004,2024-01-09,0,144.09,107.23,96,144.62
SKU0004,2024-01-10,0,127.24,107.23,96,139.99
SKU0004,2024-01-11,0,136.0,107.23,95,138.84
SKU0004,2024-01-12,0,148.1,107.23,95,161.01
SKU0004,2024-01-13,0,130.4,107.23,95,159.95
SKU0004,2024-01-14,0,129.34,107.23,95,134.22
SKU0004,2024-01-15,0,152.97,107.23,95,142.84
SKU0004,2024-01-16,0,130.08,107.23,95,144.79
SKU0004,2024-01-17,0,131.65,107.23,95,139.89
SKU0004,2024-01-18,0,153.55,107.23,95,151.4
SKU0004,2024-01-19,0,146.29,107.23,95,151.74
SKU0004,2024-01-20,0,145.21,107.23,95,157.94
SKU0004,2024-01-21,0,149.95,107.23,95,154.7
SKU0004,2024-01-22,0,127.17,107.23,95,148.85
SKU0004,2024-01-23,0,145.4,107.23,95,152.13
SKU0004,2024-01-24,0,139.15,107.23,95,140.92
SKU0004,2024-01-25,0,149.21,107.23,95,150.34
SKU0004,2024-01-26,0,139.29,107.23,95,147.28
SKU0004,2024-01-27,0,142.76,107.23,95,136.77
SKU0004,2024-01-28,0,138.35,107.23,95,139.99
SKU0004,2024-01-29,0,138.37,107.23,95,141.45
SKU0004,2024-01-30,0,147.32,107.23,95,160.12
SKU0004,2024-01-31,0,143.01,107.23,95,139.64
SKU0004,2024-02-01,0,143.16,107.23,95,141.37
SKU0004,2024-02-02,0,137.5,107.23,94,143.74
SKU0004,2024-02-03,0,140.0,107.23,94,152.43
SKU0004,2024-02-04,0,146.63,107.23,93,136.33
SKU0004,2024-02-05,0,149.11,107.23,92,160.99
SKU0004,2024-02-06,0,145.11,107.23,92,158.39
SKU0004,2024-02-07,0,152.14,107.23,92,149.87
SKU0004,2024-02-08,0,148.94,107.23,92,152.73
SKU0004,2024-02-09,0,140.95,107.23,92,133.33
SKU0004,2024-02-10,0,144.34,107.23,92,142.84
SKU0004,2024-02-11,0,152.21,107.23,92,156.32
SKU0004,2024-02-12,0,142.72,107.23,92,135.12
SKU0004,2024-02-13,0,149.08,107.23,92,141.17
SKU0004,2024-02-14,0,144.87,107.23,92,150.11
SKU0004,2024-02-15,0,140.65,107.23,92,140.4
SKU0004,2024-02-16,0,131.06,107.23,92,160.41
SKU0004,2024-02-17,0,136.75,107.23,92,136.7
SKU0004,2024-02-18,0,153.49,107.23,90,156.37
SKU0004,2024-02-19,0,143.92,107.23,90,147.83
SKU0004,2024-02-20,0,141.03,107.23,90,154.98
SKU0004,2024-02-21,0,152.42,107.23,90,142.01
SKU0004,2024-02-22,0,141.71,107.23,90,148.02
SKU0004,2024-02-23,0,139.85,107.23,90,158.13
SKU0004,2024-02-24,0,147.05,107.23,89,146.62
SKU0004,2024-02-25,0,145.61,107.23,89,143.45
SKU0004,2024-02-26,0,129.56,107.23,89,148.66
SKU0004,2024-02-27,0,138.15,107.23,89,154.01
SKU0004,2024-02-28,0,138.19,107.23,89,145.93
SKU0004,2024-02-29,0,135.28,107.23,89,160.55
SKU0004,2024-03-01,0,139.57,107.23,89,141.54
SKU0004,2024-03-02,0,136.36,107.23,89,146.87
SKU0004,2024-03-03,0,129.75,107.23,89,155.18
SKU0004,2024-03-04,0,136.33,107.23,89,153.18
SKU0004,2024-03-05,0,125.82,107.23,89,158.33
SKU0004,2024-03-06,0,141.38,107.23,89,162.26
SKU0004,2024-03-07,0,149.97,107.23,89,145.44
SKU0004,2024-03-08,0,146.0,107.23,89,136.12
SKU0004,2024-03-09,0,134.73,107.23,89,133.73
SKU0004,2024-03-10,0,126.28,107.23,89,154.29
SKU0004,2024-03-11,0,129.84,107.23,89,158.64
SKU0004,2024-03-12,0,140.45,107.23,89,139.35
SKU0004,2024-03-13,0,129.99,107.23,89,137.51
SKU0004,2024-03-14,0,140.4,107.23,88,134.67
SKU0004,2024-03-15,0,130.75,107.23,88,157.12
SKU0004,2024-03-16,0,149.82,107.23,88,142.03
SKU0004,2024-03-17,0,135.87,107.23,88,144.69
SKU0004,2024-03-18,0,131.18,107.23,88,147.68
SKU0004,2024-03-19,0,148.69,107.23,87,157.61
SKU0004,2024-03-20,0,134.18,107.23,87,152.05
SKU0004,2024-03-21,0,127.04,107.23,85,150.99
SKU0004,2024-03-22,0,141.22,107.23,85,138.02
SKU0004,2024-03-23,0,141.56,107.23,85,147.98
SKU0004,2024-03-24,0,145.67,107.23,85,153.95
SKU0004,2024-03-25,0,131.01,107.23,85,161.56
SKU0004,2024-03-26,0,137.3,107.23,85,138.78
SKU0004,2024-03-27,0,132.32,107.23,85,133.12
SKU0004,2024-03-28,0,126.09,107.23,85,135.06
SKU0004,2024-03-29,0,150.68,107.23,85,143.93
SKU0004,2024-03-30,0,146.11,107.23,85,157.06
SKU0004,2024-03-31,0,132.91,107.23,85,133.05
SKU0004,2024-04-01,0,142.11,107.23,85,146.32
SKU0004,2024-04-02,0,129.81,107.23,85,142.55
SKU0004,2024-04-03,0,151.1,107.23,85,134.38
SKU0004,2024-04-04,0,127.14,107.23,85,146.13
SKU0004,2024-04-05,0,123.71,107.23,85,140.36
SKU0004,2024-04-06,0,139.1,107.23,85,143.22
SKU0004,2024-04-07,0,141.61,107.23,85,153.66
SKU0004,2024-04-08,0,141.48,107.23,85,148.23
SKU0004,2024-04-09,0,125.28,107.23,85,136.51
SKU0004,2024-04-10,0,133.29,107.23,85,161.22
SKU0004,2024-04-11,0,139.02,107.23,85,151.61
SKU0004,2024-04-12,0,130.28,107.23,85,155.44
SKU0004,2024-04-13,0,150.55,107.23,85,135.17
SKU0004,2024-04-14,0,126.28,107.23,84,134.22
SKU0004,2024-04-15,0,138.65,107.23,84,133.41
SKU0004,2024-04-16,0,144.95,107.23,84,138.41
SKU0004,2024-04-17,0,131.68,107.23,84,145.07
SKU0004,2024-04-18,0,142.88,107.23,83,160.46
SKU0004,2024-04-19,0,149.22,107.23,83,146.33
SKU0004,2024-04-20,0,129.47,107.23,83,141.4
SKU0004,2024-04-21,0,151.93,107.23,83,149.42
SKU0004,2024-04-22,0,140.7,107.23,83,136.14
SKU0004,2024-04-23,0,132.84,107.23,83,150.83
SKU0004,2024-04-24,0,136.9,107.23,83,149.61
SKU0004,2024-04-25,0,133.24,107.23,83,156.21
SKU0004,2024-04-26,0,146.0,107.23,82,161.96
SKU0004,2024-04-27,0,148.2,107.23,82,140.24
SKU0004,2024-04-28,0,149.33,107.23,82,147.88
SKU0004,2024-04-29,0,154.05,107.23,82,159.66
SKU0004,2024-04-30,0,148.04,107.23,82,156.01
SKU0004,2024-05-01,0,142.17,107.23,82,147.22
SKU0004,2024-05-02,0,134.07,107.23,82,160.74
SKU0004,2024-05-03,0,140.42,107.23,82,134.52
SKU0004,2024-05-04,0,124.86,107.23,82,160.32
SKU0004,2024-05-05,0,146.61,107.23,82,134.33
SKU0004,2024-05-06,0,137.37,107.23,81,148.99
SKU0004,2024-05-07,0,124.21,107.23,81,159.12
SKU0004,2024-05-08,0,125.52,107.23,81,140.59
SKU0004,2024-05-09,0,135.56,107.23,80,146.78
SKU0004,2024-05-10,0,141.62,107.23,80,142.41
SKU0004,2024-05-11,0,137.93,107.23,80,160.94
SKU0004,2024-05-12,0,142.72,107.23,80,157.15
SKU0004,2024-05-13,0,138.43,107.23,80,153.76
SKU0004,2024-05-14,0,144.04,107.23,80,150.18
SKU0004,2024-05-15,0,130.36,107.23,80,157.06
SKU0004,2024-05-16,0,127.08,107.23,79,144.41
SKU0004,2024-05-17,0,142.02,107.23,79,146.05
SKU0004,2024-05-18,0,138.57,107.23,79,154.38
SKU0004,2024-05-19,0,124.42,107.23,79,143.4
SKU0004,2024-05-20,0,135.35,107.23,79,134.72
SKU0004,2024-05-21,0,126.87,107.23,79,135.03
SKU0004,2024-05-22,0,140.01,107.23,79,136.24
SKU0004,2024-05-23,0,135.82,107.23,79,158.51
SKU0004,2024-05-24,0,142.54,107.23,79,146.77
SKU0004,2024-05-25,0,148.48,107.23,79,153.88
SKU0004,2024-05-26,0,132.85,107.23,79,144.43
SKU0004,2024-05-27,0,153.32,107.23,79,140.47
SKU0004,2024-05-28,0,140.14,107.23,79,143.08
SKU0004,2024-05-29,0,142.7,107.23,79,156.28
SKU0004,2024-05-30,0,144.62,107.23,79,151.29
SKU0004,2024-05-31,0,144.19,107.23,79,160.51
SKU0004,2024-06-01,0,139.38,107.23,79,152.9
SKU0004,2024-06-02,0,136.84,107.23,79,149.67
SKU0004,2024-06-03,0,125.25,107.23,79,150.85
SKU0004,2024-06-04,0,124.27,107.23,79,160.65
SKU0004,2024-06-05,0,134.65,107.23,79,156.1
SKU0004,2024-06-06,0,133.9,107.23,79,133.54
SKU0004,2024-06-07,0,135.57,107.23,79,148.6
SKU0004,2024-06-08,0,127.87,107.23,79,153.15
SKU0004,2024-06-09,0,146.4,107.23,79,154.94
SKU0004,2024-06-10,0,150.07,107.23,79,139.13
SKU0004,2024-06-11,0,152.6,107.23,79,158.43
SKU0004,2024-06-12,0,138.8,107.23,79,161.05
SKU0004,2024-06-13,0,145.25,107.23,79,139.82
SKU0004,2024-06-14,0,150.03,107.23,79,158.89
SKU0004,2024-06-15,0,136.52,107.23,79,135.7
SKU0004,2024-06-16,0,133.15,107.23,79,134.48
SKU0004,2024-06-17,0,152.53,107.23,79,136.65
SKU0004,2024-06-18,0,139.52,107.23,79,134.54
SKU0004,2024-06-19,0,138.96,107.23,79,157.78
SKU0004,2024-06-20,0,129.1,107.23,79,134.58
SKU0004,2024-06-21,0,126.93,107.23,79,140.85
SKU0004,2024-06-22,0,149.61,107.23,79,135.9
SKU0004,2024-06-23,0,142.57,107.23,79,141.56
SKU0004,2024-06-24,0,133.66,107.23,79,135.51
SKU0004,2024-06-25,0,129.52,107.23,79,152.55
SKU0004,2024-06-26,0,140.76,107.23,79,136.77
SKU0004,2024-06-27,0,141.63,107.23,79,157.98
SKU0004,2024-06-28,0,129.99,107.23,79,156.96
SKU0004,2024-06-29,0,149.9,107.23,79,133.24
SKU0004,2024-06-30,0,126.2,107.23,79,159.28
SKU0004,2024-07-01,0,134.59,107.23,79,133.69
SKU0004,2024-07-02,0,144.61,107.23,79,139.91
SKU0004,2024-07-03,0,132.06,107.23,79,133.79
SKU0004,2024-07-04,0,149.17,107.23,79,142.75
SKU0004,2024-07-05,0,146.45,107.23,79,148.0
SKU0004,2024-07-06,0,147.97,107.23,79,156.35
SKU0004,2024-07-07,0,127.27,107.23,79,142.81
SKU0004,2024-07-08,0,127.93,107.23,79,153.66
SKU0004,2024-07-09,0,132.44,107.23,78,138.37
SKU0004,2024-07-10,0,139.6,107.23,78,154.99
SKU0004,2024-07-11,0,146.7,107.23,78,139.8
SKU0004,2024-07-12,0,149.44,107.23,78,137.07
SKU0004,2024-07-13,0,145.35,107.23,78,138.31
SKU0004,2024-07-14,0,152.28,107.23,78,138.21
SKU0004,2024-07-15,0,146.42,107.23,78,147.97
SKU0004,2024-07-16,0,133.05,107.23,78,157.77
SKU0004,2024-07-17,0,131.78,107.23,78,135.19
SKU0004,2024-07-18,0,145.1,107.23,78,153.7
SKU0004,2024-07-19,0,129.55,107.23,78,152.15
SKU0004,2024-07-20,0,126.46,107.23,78,158.59
SKU0004,2024-07-21,0,140.04,107.23,78,140.04
SKU0004,2024-07-22,0,148.98,107.23,78,146.12
SKU0004,2024-07-23,0,126.72,107.23,78,160.16
SKU0004,2024-07-24,0,148.06,107.23,78,152.32
SKU0004,2024-07-25,0,148.67,107.23,76,144.31
SKU0004,2024-07-26,0,138.49,107.23,76,136.71
SKU0004,2024-07-27,0,125.36,107.23,76,140.58
SKU0004,2024-07-28,0,128.99,107.23,76,149.99
SKU0004,2024-07-29,0,145.45,107.23,75,154.03
SKU0004,2024-07-30,0,145.58,107.23,75,136.51
SKU0004,2024-07-31,0,151.35,107.23,75,150.53
SKU0004,2024-08-01,0,141.6,107.23,75,149.08
SKU0004,2024-08-02,0,127.43,107.23,75,148.01
SKU0004,2024-08-03,0,127.34,107.23,75,153.21
SKU0004,2024-08-04,0,145.87,107.23,75,157.56
SKU0004,2024-08-05,0,129.27,107.23,75,142.37
SKU0004,2024-08-06,0,133.74,107.23,75,159.08
SKU0004,2024-08-07,0,138.65,107.23,75,137.58
SKU0004,2024-08-08,0,124.36,107.23,74,137.94
SKU0004,2024-08-09,0,131.28,107.23,74,140.71
SKU0004,2024-08-10,0,136.19,107.23,74,136.36
SKU0004,2024-08-11,0,132.23,107.23,74,139.63
SKU0004,2024-08-12,0,127.81,107.23,74,135.98
SKU0004,2024-08-13,0,146.09,107.23,74,157.09
SKU0004,2024-08-14,0,148.72,107.23,74,136.94
SKU0004,2024-08-15,0,131.55,107.23,74,154.89
SKU0004,2024-08-16,0,147.52,107.23,74,134.25
SKU0004,2024-08-17,0,135.5,107.23,74,160.83
SKU0004,2024-08-18,0,139.25,107.23,74,153.83
SKU0004,2024-08-19,0,150.04,107.23,74,133.04
SKU0004,2024-08-20,0,146.76,107.23,74,155.38
SKU0004,2024-08-21,0,148.47,107.23,73,148.01
SKU0004,2024-08-22,0,127.82,107.23,73,155.84
SKU0004,2024-08-23,0,125.75,107.23,73,148.26
SKU0004,2024-08-24,0,151.2,107.23,73,151.76
SKU0004,2024-08-25,0,135.57,107.23,73,156.05
SKU0004,2024-08-26,0,132.49,107.23,73,144.79
SKU0004,2024-08-27,0,145.98,107.23,73,132.92
SKU0004,2024-08-28,0,149.44,107.23,73,157.92
SKU0004,2024-08-29,0,150.24,107.23,73,144.08
SKU0004,2024-08-30,0,133.36,107.23,73,147.48
SKU0004,2024-08-31,0,149.92,107.23,73,133.06
SKU0004,2024-09-01,0,124.86,107.23,73,147.36
SKU0004,2024-09-02,0,125.13,107.23,72,161.96
SKU0004,2024-09-03,0,142.86,107.23,72,141.05
SKU0004,2024-09-04,0,125.54,107.23,72,144.51
SKU0004,2024-09-05,0,133.62,107.23,72,153.12
SKU0004,2024-09-06,0,144.38,107.23,72,156.89
SKU0004,2024-09-07,0,134.01,107.23,72,145.16
SKU0004,2024-09-08,0,129.14,107.23,72,141.98
SKU0004,2024-09-09,0,132.28,107.23,72,160.52
SKU0004,2024-09-10,0,137.73,107.23,72,152.82
SKU0004,2024-09-11,0,138.28,107.23,72,136.35
SKU0004,2024-09-12,0,147.78,107.23,72,134.87
SKU0004,2024-09-13,0,146.77,107.23,72,147.11
SKU0004,2024-09-14,0,137.71,107.23,72,139.33
SKU0004,2024-09-15,0,149.72,107.23,72,140.33
SKU0004,2024-09-16,0,127.12,107.23,72,158.74
SKU0004,2024-09-17,0,131.48,107.23,71,135.48
SKU0004,2024-09-18,0,149.17,107.23,71,153.95
SKU0004,2024-09-19,0,135.27,107.23,71,140.84
SKU0004,2024-09-20,0,153.91,107.23,71,155.28
SKU0004,2024-09-21,0,138.0,107.23,71,154.16
SKU0004,2024-09-22,0,148.06,107.23,71,133.05
SKU0004,2024-09-23,0,136.02,107.23,71,147.86
SKU0004,2024-09-24,0,136.72,107.23,71,136.95
SKU0004,2024-09-25,0,135.42,107.23,71,158.41
SKU0004,2024-09-26,0,145.81,107.23,71,158.56
SKU0004,2024-09-27,0,140.51,107.23,70,145.18
SKU0004,2024-09-28,0,152.75,107.23,70,145.95
SKU0004,2024-09-29,0,131.34,107.23,70,141.79
SKU0004,2024-09-30,0,126.7,107.23,70,153.99
SKU0004,2024-10-01,0,135.74,107.23,70,143.42
SKU0004,2024-10-02,0,142.65,107.23,70,140.74
SKU0004,2024-10-03,0,150.19,107.23,69,145.59
SKU0004,2024-10-04,0,134.29,107.23,69,135.54
SKU0004,2024-10-05,0,143.79,107.23,69,154.87
SKU0004,2024-10-06,0,134.41,107.23,69,133.21
SKU0004,2024-10-07,0,142.66,107.23,69,151.86
SKU0004,2024-10-08,0,150.93,107.23,69,138.23
SKU0004,2024-10-09,0,130.74,107.23,69,139.7
SKU0004,2024-10-10,0,136.08,107.23,69,151.6
SKU0004,2024-10-11,0,154.28,107.23,69,162.15
SKU0004,2024-10-12,0,150.43,107.23,68,155.79
SKU0004,2024-10-13,0,141.04,107.23,68,139.5
SKU0004,2024-10-14,0,139.55,107.23,68,138.03
SKU0004,2024-10-15,0,132.39,107.23,68,158.41
SKU0004,2024-10-16,0,139.57,107.23,68,145.95
SKU0004,2024-10-17,0,149.8,107.23,68,136.88
SKU0004,2024-10-18,0,144.76,107.23,68,158.29
SKU0004,2024-10-19,0,132.55,107.23,68,156.93
SKU0004,2024-10-20,0,129.82,107.23,68,161.88
SKU0004,2024-10-21,0,131.79,107.23,68,159.69
SKU0004,2024-10-22,0,128.84,107.23,68,157.98
SKU0004,2024-10-23,0,126.55,107.23,68,134.39
SKU0004,2024-10-24,0,136.54,107.23,68,135.92
SKU0004,2024-10-25,0,127.09,107.23,67,149.63
SKU0004,2024-10-26,0,128.9,107.23,67,148.52
SKU0004,2024-10-27,0,140.5,107.23,67,146.35
SKU0004,2024-10-28,0,128.68,107.23,67,144.55
SKU0004,2024-10-29,0,125.57,107.23,67,145.56
SKU0004,2024-10-30,0,133.4,107.23,67,149.64
SKU0004,2024-10-31,0,130.4,107.23,67,132.9
SKU0004,2024-11-01,0,139.51,107.23,67,140.53
SKU0004,2024-11-02,0,126.75,107.23,67,148.13
SKU0004,2024-11-03,0,146.82,107.23,67,154.15
SKU0004,2024-11-04,0,151.59,107.23,67,137.98
SKU0004,2024-11-05,0,146.56,107.23,67,148.98
SKU0004,2024-11-06,0,140.05,107.23,67,153.93
SKU0004,2024-11-07,0,150.18,107.23,67,145.96
SKU0004,2024-11-08,0,145.06,107.23,67,133.63
SKU0004,2024-11-09,0,123.92,107.23,67,146.1
SKU0004,2024-11-10,0,135.77,107.23,67,141.59
SKU0004,2024-11-11,0,149.88,107.23,66,160.28
SKU0004,2024-11-12,0,134.28,107.23,66,136.51
SKU0004,2024-11-13,0,124.68,107.23,66,152.1
SKU0004,2024-11-14,0,146.65,107.23,66,134.39
SKU0004,2024-11-15,0,148.37,107.23,65,146.01
SKU0004,2024-11-16,0,128.55,107.23,65,149.19
SKU0004,2024-11-17,0,140.19,107.23,65,141.63
SKU0004,2024-11-18,0,129.52,107.23,65,146.27
SKU0004,2024-11-19,0,145.81,107.23,65,137.66
SKU0004,2024-11-20,0,131.98,107.23,65,141.81
SKU0004,2024-11-21,0,133.36,107.23,64,151.17
SKU0004,2024-11-22,0,149.7,107.23,64,141.74
SKU0004,2024-11-23,0,138.31,107.23,64,159.39
SKU0004,2024-11-24,0,144.29,107.23,64,151.39
SKU0004,2024-11-25,0,136.02,107.23,64,145.78
SKU0004,2024-11-26,0,132.8,107.23,64,133.98
SKU0004,2024-11-27,0,142.92,107.23,64,147.58
SKU0004,2024-11-28,0,128.38,107.23,64,155.41
SKU0004,2024-11-29,0,135.12,107.23,64,140.67
SKU0004,2024-11-30,0,130.05,107.23,64,156.65
SKU0004,2024-12-01,0,145.09,107.23,62,140.27
SKU0004,2024-12-02,0,152.77,107.23,62,157.15
SKU0004,2024-12-03,0,154.35,107.23,61,135.35
SKU0004,2024-12-04,0,137.5,107.23,61,158.4
SKU0004,2024-12-05,0,131.39,107.23,61,147.57
SKU0004,2024-12-06,0,137.27,107.23,61,141.59
SKU0004,2024-12-07,0,149.77,107.23,61,140.66
SKU0004,2024-12-08,0,129.96,107.23,61,145.59
SKU0004,2024-12-09,0,153.01,107.23,61,162.33
SKU0004,2024-12-10,0,134.15,107.23,61,139.34
SKU0004,2024-12-11,0,154.05,107.23,60,135.88
SKU0004,2024-12-12,0,149.5,107.23,60,150.1
SKU0004,2024-12-13,0,148.57,107.23,60,147.26
SKU0004,2024-12-14,0,133.41,107.23,60,148.31
SKU0004,2024-12-15,0,123.86,107.23,60,152.52
SKU0004,2024-12-16,0,135.4,107.23,59,140.72
SKU0004,2024-12-17,0,132.92,107.23,59,159.72
SKU0004,2024-12-18,0,124.75,107.23,59,145.7
SKU0004,2024-12-19,0,139.21,107.23,59,136.65
SKU0004,2024-12-20,0,136.04,107.23,59,154.75
SKU0004,2024-12-21,0,143.2,107.23,58,151.82
SKU0004,2024-12-22,0,142.78,107.23,58,142.16
SKU0004,2024-12-23,0,127.32,107.23,57,151.18
SKU0004,2024-12-24,0,153.78,107.23,57,139.33
SKU0004,2024-12-25,0,129.37,107.23,57,145.97
SKU0004,2024-12-26,0,137.35,107.23,57,159.38
SKU0004,2024-12-27,0,138.67,107.23,57,136.78
SKU0004,2024-12-28,0,148.71,107.23,57,144.25
SKU0004,2024-12-29,0,126.66,107.23,57,157.07
SKU0004,2024-12-30,0,136.84,107.23,57,161.45
SKU0005,2024-01-01,34,110.2,89.84,47,121.81
SKU0005,2024-01-02,36,126.15,89.84,47,131.22
SKU0005,2024-01-03,36,106.79,89.84,47,135.27
SKU0005,2024-01-04,37,111.92,89.84,47,133.29
SKU0005,2024-01-05,34,118.39,89.84,47,125.9
SKU0005,2024-01-06,33,105.9,89.84,47,122.07
SKU0005,2024-01-07,27,122.09,89.84,47,120.14
SKU0005,2024-01-08,33,113.24,89.84,47,114.97
SKU0005,2024-01-09,32,123.49,89.84,47,114.52
SKU0005,2024-01-10,34,115.96,89.84,47,128.98
SKU0005,2024-01-11,35,107.91,89.84,47,118.33
SKU0005,2024-01-12,30,122.21,89.84,47,118.2
SKU0005,2024-01-13,33,109.75,89.84,47,136.68
SKU0005,2024-01-14,30,115.91,89.84,47,116.54
SKU0005,2024-01-15,32,105.19,89.84,47,115.55
SKU0005,2024-01-16,29,119.19,89.84,47,114.32
SKU0005,2024-01-17,30,120.43,89.84,47,126.28
SKU0005,2024-01-18,35,113.02,89.84,47,127.48
SKU0005,2024-01-19,28,127.88,89.84,47,120.95
SKU0005,2024-01-20,30,125.81,89.84,47,125.18
SKU0005,2024-01-21,32,121.51,89.84,46,131.47
SKU0005,2024-01-22,33,121.66,89.84,46,132.21
SKU0005,2024-01-23,33,109.76,89.84,46,135.68
SKU0005,2024-01-24,34,120.2,89.84,46,132.36
SKU0005,2024-01-25,32,108.36,89.84,46,125.91
SKU0005,2024-01-26,34,106.96,89.84,45,116.33
SKU0005,2024-01-27,28,129.04,89.84,45,114.35
SKU0005,2024-01-28,32,119.31,89.84,45,113.22
SKU0005,2024-01-29,36,114.37,89.84,45,128.44
SKU0005,2024-01-30,36,110.68,89.84,44,131.94
SKU0005,2024-01-31,35,118.83,89.84,44,124.51
SKU0005,2024-02-01,34,104.52,89.84,44,113.23
SKU0005,2024-02-02,38,105.69,89.84,44,125.18
SKU0005,2024-02-03,39,104.09,89.84,44,135.13
SKU0005,2024-02-04,28,116.13,89.84,44,126.72
SKU0005,2024-02-05,32,118.74,89.84,44,131.99
SKU0005,2024-02-06,38,104.85,89.84,44,131.76
SKU0005,2024-02-07,31,121.86,89.84,43,135.04
SKU0005,2024-02-08,33,109.19,89.84,43,131.02
SKU0005,2024-02-09,36,120.93,89.84,43,130.46
SKU0005,2024-02-10,29,128.59,89.84,43,117.69
SKU0005,2024-02-11,31,121.08,89.84,43,113.36
SKU0005,2024-02-12,27,126.04,89.84,43,124.74
SKU0005,2024-02-13,27,127.72,89.84,43,114.96
SKU0005,2024-02-14,32,115.81,89.84,43,135.79
SKU0005,2024-02-15,33,121.37,89.84,43,119.08
SKU0005,2024-02-16,32,125.23,89.84,43,133.07
SKU0005,2024-02-17,32,112.45,89.84,43,121.5
SKU0005,2024-02-18,35,109.99,89.84,43,119.9
SKU0005,2024-02-19,29,127.67,89.84,43,135.12
SKU0005,2024-02-20,31,121.99,89.84,42,120.9
SKU0005,2024-02-21,35,108.91,89.84,42,121.57
SKU0005,2024-02-22,33,114.83,89.84,42,114.51
SKU0005,2024-02-23,31,123.8,89.84,42,128.53
SKU0005,2024-02-24,33,117.36,89.84,42,119.05
SKU0005,2024-02-25,34,120.02,89.84,41,126.43
SKU0005,2024-02-26,32,122.7,89.84,41,126.57
SKU0005,2024-02-27,31,119.3,89.84,41,129.75
SKU0005,2024-02-28,32,117.18,89.84,41,130.39
SKU0005,2024-02-29,33,122.59,89.84,41,124.66
SKU0005,2024-03-01,31,122.02,89.84,41,120.1
SKU0005,2024-03-02,31,119.5,89.84,41,132.69
SKU0005,2024-03-03,32,112.53,89.84,41,119.57
SKU0005,2024-03-04,34,113.72,89.84,41,124.48
SKU0005,2024-03-05,27,128.29,89.84,41,121.84
SKU0005,2024-03-06,39,106.14,89.84,40,133.12
SKU0005,2024-03-07,32,110.17,89.84,40,122.61
SKU0005,2024-03-08,35,115.95,89.84,39,121.47
SKU0005,2024-03-09,30,124.84,89.84,39,129.02
SKU0005,2024-03-10,33,107.47,89.84,39,126.84
SKU0005,2024-03-11,34,110.39,89.84,39,114.53
SKU0005,2024-03-12,34,104.94,89.84,39,124.5
SKU0005,2024-03-13,31,121.46,89.84,39,130.15
SKU0005,2024-03-14,34,109.39,89.84,39,136.53
SKU0005,2024-03-15,35,113.27,89.84,39,127.51
SKU0005,2024-03-16,33,114.69,89.84,39,121.07
SKU0005,2024-03-17,27,126.25,89.84,39,117.49
SKU0005,2024-03-18,33,113.86,89.84,39,133.57
SKU0005,2024-03-19,37,106.99,89.84,39,132.12
SKU0005,2024-03-20,35,116.78,89.84,39,117.68
SKU0005,2024-03-21,29,128.1,89.84,39,116.86
SKU0005,2024-03-22,30,118.93,89.84,39,129.65
SKU0005,2024-03-23,31,128.62,89.84,38,119.7
SKU0005,2024-03-24,31,124.95,89.84,38,119.48
SKU0005,2024-03-25,38,104.17,89.84,38,115.65
SKU0005,2024-03-26,32,120.24,89.84,38,118.43
SKU0005,2024-03-27,33,110.64,89.84,38,122.5
SKU0005,2024-03-28,34,117.69,89.84,38,130.09
SKU0005,2024-03-29,35,110.45,89.84,38,120.23
SKU0005,2024-03-30,32,112.25,89.84,38,120.04
SKU0005,2024-03-31,29,127.07,89.84,38,118.95
SKU0005,2024-04-01,34,108.58,89.84,38,123.76
SKU0005,2024-04-02,31,125.8,89.84,38,116.36
SKU0005,2024-04-03,37,104.03,89.84,38,123.94
SKU0005,2024-04-04,34,105.59,89.84,37,129.37
SKU0005,2024-04-05,27,125.3,89.84,37,112.61
SKU0005,2024-04-06,31,119.52,89.84,37,112.11
SKU0005,2024-04-07,30,122.53,89.84,35,113.74
SKU0005,2024-04-08,36,108.65,89.84,35,125.18
SKU0005,2024-04-09,34,117.1,89.84,35,133.11
SKU0005,2024-04-10,33,122.27,89.84,35,111.99
SKU0005,2024-04-11,31,119.43,89.84,35,135.15
SKU0005,2024-04-12,31,115.42,89.84,35,114.51
SKU0005,2024-04-13,28,128.01,89.84,35,132.8
SKU0005,2024-04-14,33,120.69,89.84,35,123.87
SKU0005,2024-04-15,30,126.67,89.84,35,128.26
SKU0005,2024-04-16,27,122.08,89.84,35,124.56
SKU0005,2024-04-17,31,122.23,89.84,35,123.73
SKU0005,2024-04-18,37,105.31,89.84,35,132.62
SKU0005,2024-04-19,34,112.52,89.84,35,130.66
SKU0005,2024-04-20,30,125.4,89.84,35,123.88
SKU0005,2024-04-21,31,109.25,89.84,35,114.64
SKU0005,2024-04-22,38,106.22,89.84,35,114.74
SKU0005,2024-04-23,35,111.66,89.84,35,131.79
SKU0005,2024-04-24,31,108.93,89.84,35,125.03
SKU0005,2024-04-25,29,127.12,89.84,35,123.84
SKU0005,2024-04-26,31,125.65,89.84,35,128.79
SKU0005,2024-04-27,31,116.14,89.84,34,133.22
SKU0005,2024-04-28,37,104.83,89.84,34,127.5
SKU0005,2024-04-29,35,121.69,89.84,34,130.83
SKU0005,2024-04-30,31,119.33,89.84,34,130.89
SKU0005,2024-05-01,30,128.29,89.84,34,120.72
SKU0005,2024-05-02,32,117.67,89.84,34,118.68
SKU0005,2024-05-03,36,111.92,89.84,34,131.78
SKU0005,2024-05-04,32,116.64,89.84,33,121.24
SKU0005,2024-05-05,28,128.52,89.84,33,134.32
SKU0005,2024-05-06,32,121.22,89.84,33,113.6
SKU0005,2024-05-07,29,120.59,89.84,32,113.32
SKU0005,2024-05-08,39,109.45,89.84,32,134.91
SKU0005,2024-05-09,32,122.44,89.84,32,127.99
SKU0005,2024-05-10,29,122.61,89.84,32,121.3
SKU0005,2024-05-11,37,111.43,89.84,32,130.64
SKU0005,2024-05-12,33,115.73,89.84,32,128.58
SKU0005,2024-05-13,34,110.85,89.84,32,125.07
SKU0005,2024-05-14,32,109.92,89.84,31,114.33
SKU0005,2024-05-15,33,103.91,89.84,31,132.06
SKU0005,2024-05-16,36,110.6,89.84,31,133.4
SKU0005,2024-05-17,28,117.54,89.84,31,116.15
SKU0005,2024-05-18,35,103.28,89.84,31,133.01
SKU0005,2024-05-19,36,110.55,89.84,31,133.69
SKU0005,2024-05-20,29,125.99,89.84,31,125.53
SKU0005,2024-05-21,32,118.56,89.84,31,128.18
SKU0005,2024-05-22,29,118.93,89.84,31,121.37
SKU0005,2024-05-23,32,113.65,89.84,31,118.87
SKU0005,2024-05-24,32,120.7,89.84,31,129.82
SKU0005,2024-05-25,34,108.14,89.84,31,133.29
SKU0005,2024-05-26,34,124.37,89.84,31,128.13
SKU0005,2024-05-27,34,106.25,89.84,31,124.59
SKU0005,2024-05-28,34,120.17,89.84,31,115.82
SKU0005,2024-05-29,33,112.05,89.84,31,113.2
SKU0005,2024-05-30,28,122.54,89.84,30,122.95
SKU0005,2024-05-31,29,117.43,89.84,30,113.09
SKU0005,2024-06-01,33,114.92,89.84,30,126.02
SKU0005,2024-06-02,37,107.62,89.84,30,121.38
SKU0005,2024-06-03,36,119.68,89.84,30,130.69
SKU0005,2024-06-04,29,128.4,89.84,30,119.47
SKU0005,2024-06-05,28,124.55,89.84,30,126.61
SKU0005,2024-06-06,36,104.79,89.84,30,125.23
SKU0005,2024-06-07,31,112.95,89.84,30,111.98
SKU0005,2024-06-08,30,127.13,89.84,30,113.67
SKU0005,2024-06-09,30,116.23,89.84,30,119.09
SKU0005,2024-06-10,28,120.33,89.84,30,133.8
SKU0005,2024-06-11,32,126.8,89.84,30,115.52
SKU0005,2024-06-12,30,125.8,89.84,30,129.54
SKU0005,2024-06-13,33,116.19,89.84,30,136.07
SKU0005,2024-06-14,35,114.54,89.84,30,131.52
SKU0005,2024-06-15,37,112.01,89.84,30,117.91
SKU0005,2024-06-16,33,121.8,89.84,30,134.45
SKU0005,2024-06-17,34,110.65,89.84,29,114.18
SKU0005,2024-06-18,35,109.69,89.84,28,123.51
SKU0005,2024-06-19,34,112.44,89.84,27,133.93
SKU0005,2024-06-20,35,107.82,89.84,27,127.81
SKU0005,2024-06-21,31,121.18,89.84,27,122.15
SKU0005,2024-06-22,30,119.15,89.84,27,119.15
SKU0005,2024-06-23,33,115.71,89.84,27,121.19
SKU0005,2024-06-24,34,113.32,89.84,27,124.52
SKU0005,2024-06-25,30,126.71,89.84,27,119.8
SKU0005,2024-06-26,38,103.99,89.84,27,135.96
SKU0005,2024-06-27,29,123.09,89.84,27,135.06
SKU0005,2024-06-28,33,126.52,89.84,27,133.51
SKU0005,2024-06-29,35,114.76,89.84,27,122.35
SKU0005,2024-06-30,32,117.46,89.84,27,129.05
SKU0005,2024-07-01,31,127.62,89.84,27,134.31
SKU0005,2024-07-02,35,108.72,89.84,27,133.01
SKU0005,2024-07-03,34,116.67,89.84,26,122.17
SKU0005,2024-07-04,30,115.5,89.84,26,114.66
SKU0005,2024-07-05,36,109.91,89.84,26,113.75
SKU0005,2024-07-06,32,124.37,89.84,26,126.21
SKU0005,2024-07-07,31,126.46,89.84,26,127.84
SKU0005,2024-07-08,31,123.42,89.84,26,132.99
SKU0005,2024-07-09,32,108.28,89.84,26,119.14
SKU0005,2024-07-10,37,105.48,89.84,26,116.03
SKU0005,2024-07-11,29,118.87,89.84,26,121.29
SKU0005,2024-07-12,37,104.72,89.84,26,120.66
SKU0005,2024-07-13,29,120.61,89.84,26,115.16
SKU0005,2024-07-14,29,116.93,89.84,26,128.58
SKU0005,2024-07-15,31,120.35,89.84,26,124.51
SKU0005,2024-07-16,35,118.47,89.84,26,129.79
SKU0005,2024-07-17,31,114.15,89.84,26,120.64
SKU0005,2024-07-18,38,108.43,89.84,26,119.96
SKU0005,2024-07-19,35,111.13,89.84,26,123.62
SKU0005,2024-07-20,33,116.78,89.84,26,133.68
SKU0005,2024-07-21,30,120.07,89.84,26,112.87
SKU0005,2024-07-22,30,123.36,89.84,26,131.88
SKU0005,2024-07-23,31,123.04,89.84,26,121.04
SKU0005,2024-07-24,31,128.35,89.84,26,133.11
SKU0005,2024-07-25,33,110.62,89.84,26,131.81
SKU0005,2024-07-26,34,105.08,89.84,26,120.54
SKU0005,2024-07-27,34,112.16,89.84,26,129.12
SKU0005,2024-07-28,33,122.43,89.84,26,115.84
SKU0005,2024-07-29,31,114.55,89.84,26,134.15
SKU0005,2024-07-30,32,124.35,89.84,26,121.92
SKU0005,2024-07-31,32,117.42,89.84,26,123.19
SKU0005,2024-08-01,26,127.24,89.84,26,129.41
SKU0005,2024-08-02,29,127.71,89.84,26,132.27
SKU0005,2024-08-03,37,105.03,89.84,26,117.74
SKU0005,2024-08-04,37,115.02,89.84,26,128.31
SKU0005,2024-08-05,29,118.98,89.84,26,121.61
SKU0005,2024-08-06,29,109.85,89.84,26,121.03
SKU0005,2024-08-07,31,113.75,89.84,26,129.02
SKU0005,2024-08-08,33,120.73,89.84,26,121.49
SKU0005,2024-08-09,31,109.09,89.84,26,120.47
SKU0005,2024-08-10,35,118.78,89.84,26,132.65
SKU0005,2024-08-11,33,121.24,89.84,26,114.39
SKU0005,2024-08-12,36,105.58,89.84,26,128.67
SKU0005,2024-08-13,31,116.08,89.84,26,118.05
SKU0005,2024-08-14,34,110.03,89.84,26,112.25
SKU0005,2024-08-15,32,121.94,89.84,26,116.01
SKU0005,2024-08-16,36,108.13,89.84,26,126.95
SKU0005,2024-08-17,33,126.27,89.84,26,129.5
SKU0005,2024-08-18,32,114.37,89.84,26,112.39
SKU0005,2024-08-19,31,108.35,89.84,26,112.77
SKU0005,2024-08-20,31,114.55,89.84,26,134.3
SKU0005,2024-08-21,29,113.79,89.84,26,113.69
SKU0005,2024-08-22,34,114.31,89.84,26,134.1
SKU0005,2024-08-23,31,118.36,89.84,26,117.54
SKU0005,2024-08-24,33,116.69,89.84,26,130.26
SKU0005,2024-08-25,34,107.11,89.84,26,119.57
SKU0005,2024-08-26,34,104.93,89.84,26,133.22
SKU0005,2024-08-27,32,122.07,89.84,26,129.28
SKU0005,2024-08-28,27,117.69,89.84,26,121.86
SKU0005,2024-08-29,31,112.51,89.84,26,113.76
SKU0005,2024-08-30,32,124.11,89.84,26,130.08
SKU0005,2024-08-31,32,113.26,89.84,26,127.2
SKU0005,2024-09-01,30,123.79,89.84,26,111.94
SKU0005,2024-09-02,32,111.13,89.84,26,112.1
SKU0005,2024-09-03,35,105.12,89.84,26,131.97
SKU0005,2024-09-04,30,127.31,89.84,26,118.32
SKU0005,2024-09-05,31,113.43,89.84,26,127.68
SKU0005,2024-09-06,32,123.7,89.84,26,123.16
SKU0005,2024-09-07,35,110.45,89.84,26,133.33
SKU0005,2024-09-08,35,119.93,89.84,26,134.66
SKU0005,2024-09-09,31,125.78,89.84,26,136.65
SKU0005,2024-09-10,33,104.32,89.84,26,115.69
SKU0005,2024-09-11,34,124.68,89.84,26,133.32
SKU0005,2024-09-12,30,117.99,89.84,26,118.48
SKU0005,2024-09-13,31,118.92,89.84,26,126.56
SKU0005,2024-09-14,34,116.75,89.84,26,124.44
SKU0005,2024-09-15,25,125.81,89.84,26,112.32
SKU0005,2024-09-16,40,104.36,89.84,26,135.06
SKU0005,2024-09-17,31,109.98,89.84,26,113.82
SKU0005,2024-09-18,29,125.85,89.84,26,128.98
SKU0005,2024-09-19,32,122.66,89.84,26,131.38
SKU0005,2024-09-20,37,103.7,89.84,26,131.64
SKU0005,2024-09-21,33,116.59,89.84,26,115.24
SKU0005,2024-09-22,29,116.91,89.84,26,122.99
SKU0005,2024-09-23,35,113.59,89.84,26,132.49
SKU0005,2024-09-24,35,110.92,89.84,26,119.39
SKU0005,2024-09-25,33,120.84,89.84,26,123.5
SKU0005,2024-09-26,31,108.61,89.84,25,118.65
SKU0005,2024-09-27,27,123.86,89.84,25,123.39
SKU0005,2024-09-28,30,123.97,89.84,25,133.94
SKU0005,2024-09-29,30,113.96,89.84,24,123.18
SKU0005,2024-09-30,31,110.56,89.84,24,125.69
SKU0005,2024-10-01,33,110.57,89.84,24,121.91
SKU0005,2024-10-02,33,115.69,89.84,24,123.31
SKU0005,2024-10-03,36,121.82,89.84,24,112.25
SKU0005,2024-10-04,34,112.5,89.84,24,118.92
SKU0005,2024-10-05,35,118.99,89.84,24,122.72
SKU0005,2024-10-06,34,113.11,89.84,24,127.62
SKU0005,2024-10-07,35,111.1,89.84,24,123.06
SKU0005,2024-10-08,36,103.88,89.84,24,120.27
SKU0005,2024-10-09,41,103.34,89.84,24,121.52
SKU0005,2024-10-10,33,109.11,89.84,24,117.89
SKU0005,2024-10-11,33,113.73,89.84,22,134.85
SKU0005,2024-10-12,32,125.21,89.84,21,124.84
SKU0005,2024-10-13,30,123.85,89.84,21,112.2
SKU0005,2024-10-14,33,110.14,89.84,21,112.35
SKU0005,2024-10-15,37,109.55,89.84,21,136.06
SKU0005,2024-10-16,34,109.11,89.84,21,117.37
SKU0005,2024-10-17,34,112.0,89.84,21,131.89
SKU0005,2024-10-18,32,116.1,89.84,21,113.32
SKU0005,2024-10-19,30,114.56,89.84,21,134.77
SKU0005,2024-10-20,32,108.88,89.84,21,133.61
SKU0005,2024-10-21,38,106.61,89.84,21,126.06
SKU0005,2024-10-22,34,103.57,89.84,21,112.09
SKU0005,2024-10-23,34,107.22,89.84,21,118.28
SKU0005,2024-10-24,34,121.45,89.84,21,121.98
SKU0005,2024-10-25,34,109.53,89.84,21,123.3
SKU0005,2024-10-26,32,115.34,89.84,21,119.27
SKU0005,2024-10-27,33,118.5,89.84,21,112.69
SKU0005,2024-10-28,29,126.13,89.84,21,126.54
SKU0005,2024-10-29,32,126.18,89.84,21,124.9
SKU0005,2024-10-30,32,122.49,89.84,21,118.9
SKU0005,2024-10-31,39,104.15,89.84,21,112.81
SKU0005,2024-11-01,31,118.09,89.84,21,136.59
SKU0005,2024-11-02,33,123.54,89.84,21,123.85
SKU0005,2024-11-03,38,103.69,89.84,21,130.66
SKU0005,2024-11-04,29,117.43,89.84,21,123.11
SKU0005,2024-11-05,24,125.38,89.84,21,112.94
SKU0005,2024-11-06,31,115.48,89.84,21,119.56
SKU0005,2024-11-07,37,103.35,89.84,21,119.83
SKU0005,2024-11-08,38,103.53,89.84,20,132.71
SKU0005,2024-11-09,33,114.0,89.84,19,128.13
SKU0005,2024-11-10,35,107.24,89.84,19,118.71
SKU0005,2024-11-11,32,120.39,89.84,19,135.93
SKU0005,2024-11-12,33,121.54,89.84,19,119.86
SKU0005,2024-11-13,33,107.83,89.84,19,136.68
SKU0005,2024-11-14,31,126.18,89.84,19,136.63
SKU0005,2024-11-15,31,114.65,89.84,19,116.62
SKU0005,2024-11-16,33,106.93,89.84,19,119.64
SKU0005,2024-11-17,33,122.97,89.84,18,123.95
SKU0005,2024-11-18,29,123.63,89.84,18,128.38
SKU0005,2024-11-19,31,119.74,89.84,17,124.99
SKU0005,2024-11-20,35,125.27,89.84,17,135.97
SKU0005,2024-11-21,33,122.27,89.84,17,129.87
SKU0005,2024-11-22,28,126.01,89.84,17,117.14
SKU0005,2024-11-23,32,114.44,89.84,17,114.48
SKU0005,2024-11-24,29,122.54,89.84,17,128.98
SKU0005,2024-11-25,31,129.05,89.84,17,115.81
SKU0005,2024-11-26,33,121.95,89.84,17,131.45
SKU0005,2024-11-27,36,106.19,89.84,17,119.6
SKU0005,2024-11-28,34,116.62,89.84,17,119.99
SKU0005,2024-11-29,30,118.4,89.84,16,112.14
SKU0005,2024-11-30,32,107.74,89.84,16,129.29
SKU0005,2024-12-01,30,128.1,89.84,16,114.68
SKU0005,2024-12-02,37,107.77,89.84,16,131.08
SKU0005,2024-12-03,38,107.83,89.84,16,124.1
SKU0005,2024-12-04,30,126.86,89.84,16,131.36
SKU0005,2024-12-05,32,115.25,89.84,16,126.38
SKU0005,2024-12-06,35,104.87,89.84,16,113.92
SKU0005,2024-12-07,34,118.68,89.84,16,130.9
SKU0005,2024-12-08,31,118.78,89.84,15,113.6
SKU0005,2024-12-09,36,104.91,89.84,15,123.77
SKU0005,2024-12-10,30,128.34,89.84,15,116.15
SKU0005,2024-12-11,31,117.28,89.84,15,130.57
SKU0005,2024-12-12,36,117.69,89.84,15,134.53
SKU0005,2024-12-13,34,116.67,89.84,15,125.64
SKU0005,2024-12-14,28,119.01,89.84,15,124.97
SKU0005,2024-12-15,34,110.06,89.84,15,130.86
SKU0005,2024-12-16,29,110.66,89.84,15,111.99
SKU0005,2024-12-17,33,116.44,89.84,15,134.68
SKU0005,2024-12-18,29,124.06,89.84,15,116.78
SKU0005,2024-12-19,38,104.53,89.84,15,136.33
SKU0005,2024-12-20,30,118.82,89.84,15,130.17
SKU0005,2024-12-21,32,124.07,89.84,15,131.12
SKU0005,2024-12-22,36,107.29,89.84,15,128.18
SKU0005,2024-12-23,37,103.63,89.84,15,123.59
SKU0005,2024-12-24,36,111.31,89.84,15,126.08
SKU0005,2024-12-25,35,118.42,89.84,15,113.02
SKU0005,2024-12-26,36,106.81,89.84,15,127.38
SKU0005,2024-12-27,34,114.24,89.84,15,127.43
SKU0005,2024-12-28,31,117.5,89.84,15,134.02
SKU0005,2024-12-29,30,118.7,89.84,14,124.44
SKU0005,2024-12-30,36,110.33,89.84,14,113.79
